Time,Force,accX,accY,accZ,wx,wy,wz
0.0,1599981.0,-254.0,-154.0,-8090.0,435.0,-170.0,200.0
0.01052900000000001,1599980.0,-253.0,-101.0,-8092.0,363.0,-176.0,210.0
0.020000999999999713,1600121.0,-266.0,-70.0,-8100.0,240.0,-189.0,218.0
0.029726999999999393,1600222.0,-276.0,-81.0,-8104.0,100.0,-188.0,232.0
0.039979999999999905,1600281.0,-247.0,-88.0,-8105.0,-47.0,-187.0,241.0
0.05058499999999988,1600274.0,-260.0,-114.0,-8104.0,-183.0,-177.0,249.0
0.059804999999999886,1600275.0,-276.0,-164.0,-8096.0,-223.0,-182.0,250.0
0.06988799999999973,1600482.0,-252.0,-206.0,-8094.0,-208.0,-183.0,252.0
0.0797939999999997,1600847.0,-257.0,-241.0,-8087.0,-125.0,-192.0,253.0
0.08994899999999983,1601066.0,-284.0,-284.0,-8078.0,1.0,-207.0,255.0
0.09975500000000004,1601417.0,-264.0,-287.0,-8074.0,164.0,-228.0,249.0
0.10995099999999969,1601416.0,-255.0,-271.0,-8099.0,314.0,-244.0,247.0
0.12056099999999947,1602033.0,-271.0,-247.0,-8109.0,440.0,-255.0,244.0
0.12998699999999985,1602432.0,-251.0,-216.0,-8103.0,509.0,-259.0,241.0
0.13975699999999946,1602821.0,-246.0,-137.0,-8106.0,513.0,-249.0,238.0
0.14996099999999934,1603158.0,-259.0,-119.0,-8099.0,427.0,-242.0,238.0
0.15974500000000003,1603159.0,-232.0,-87.0,-8119.0,307.0,-232.0,234.0
0.1699630000000001,1603442.0,-238.0,-69.0,-8131.0,149.0,-223.0,236.0
0.1797550000000001,1603565.0,-245.0,-85.0,-8125.0,-4.0,-219.0,237.0
0.18997699999999984,1603532.0,-258.0,-120.0,-8106.0,-124.0,-223.0,240.0
0.19978099999999976,1603533.0,-257.0,-161.0,-8100.0,-196.0,-225.0,235.0
0.20974699999999924,1603696.0,-227.0,-195.0,-8091.0,-200.0,-234.0,234.0
0.2199770000000001,1603827.0,-248.0,-233.0,-8104.0,-144.0,-246.0,227.0
0.22976699999999983,1603800.0,-246.0,-263.0,-8084.0,4.0,-251.0,213.0
0.23997699999999966,1603759.0,-256.0,-293.0,-8099.0,148.0,-245.0,203.0
0.24978899999999982,1603758.0,-228.0,-272.0,-8105.0,292.0,-238.0,194.0
0.2599929999999997,1603627.0,-192.0,-432.0,-7988.0,510.0,-237.0,1.0
0.26975699999999936,1603506.0,-185.0,-314.0,-7983.0,1044.0,-215.0,-695.0
0.2799429999999994,1603283.0,-238.0,-224.0,-7979.0,1238.0,-288.0,-1011.0
0.2897929999999995,1603484.0,-155.0,-16.0,-7944.0,1272.0,-281.0,-1489.0
0.29995299999999947,1603485.0,-227.0,165.0,-7985.0,895.0,-368.0,-1795.0
0.3097889999999994,1604616.0,-264.0,200.0,-7956.0,30.0,-450.0,-1750.0
0.3197649999999994,1606709.0,-312.0,105.0,-7917.0,-710.0,-663.0,-1259.0
0.33001599999999964,1609994.0,-329.0,-49.0,-8229.0,-1227.0,-913.0,-323.0
0.3397709999999998,1613971.0,-307.0,-165.0,-8535.0,-1515.0,-1106.0,671.0
0.3499609999999995,1613970.0,-213.0,-514.0,-8726.0,-1384.0,-1192.0,1661.0
0.3598049999999997,1618681.0,229.0,-628.0,-8533.0,-864.0,-851.0,1941.0
0.36988099999999946,1622740.0,327.0,-753.0,-8416.0,-97.0,24.0,1967.0
0.37983299999999964,1624067.0,218.0,-704.0,-8357.0,825.0,671.0,1911.0
0.38968899999999973,1621520.0,22.0,-499.0,-8276.0,1683.0,1089.0,1875.0
0.39980299999999946,1621521.0,-219.0,-194.0,-8214.0,2206.0,1191.0,1839.0
0.4098889999999997,1616150.0,-354.0,123.0,-8144.0,2023.0,1071.0,1832.0
0.42062299999999997,1608599.0,-511.0,429.0,-8085.0,1466.0,822.0,1763.0
0.4300889999999997,1599844.0,-611.0,533.0,-8075.0,622.0,431.0,1654.0
0.4396809999999993,1591285.0,-514.0,506.0,-8041.0,-284.0,50.0,1499.0
0.4500289999999998,1591284.0,-418.0,382.0,-8019.0,-1059.0,-273.0,1151.0
0.45972100000000005,1583419.0,-197.0,197.0,-7985.0,-1600.0,-342.0,898.0
0.46981299999999937,1576422.0,-20.0,30.0,-7971.0,-1910.0,-174.0,711.0
0.4797209999999996,1570133.0,-25.0,-153.0,-7992.0,-1885.0,76.0,585.0
0.4898309999999997,1564846.0,-154.0,-367.0,-7948.0,-1527.0,280.0,469.0
0.4997809999999996,1564847.0,-247.0,-466.0,-7905.0,-994.0,369.0,382.0
0.5097389999999997,1561002.0,-256.0,-475.0,-7856.0,-444.0,453.0,238.0
0.519825,1558425.0,-345.0,-421.0,-7817.0,64.0,524.0,-17.0
0.5299249999999995,1556706.0,-394.0,-298.0,-7823.0,428.0,562.0,-254.0
0.5398529999999999,1555915.0,-425.0,-207.0,-7849.0,600.0,505.0,-470.0
0.5498649999999996,1555914.0,-443.0,-158.0,-7877.0,679.0,417.0,-621.0
0.5598809999999999,1556677.0,-485.0,-51.0,-7919.0,580.0,258.0,-766.0
0.5698889999999999,1559394.0,-487.0,78.0,-7955.0,309.0,51.0,-937.0
0.5798329999999998,1564091.0,-455.0,78.0,-7982.0,-52.0,-168.0,-1149.0
0.5898949999999994,1570014.0,-418.0,73.0,-8011.0,-411.0,-371.0,-1412.0
0.5998589999999995,1570015.0,-319.0,16.0,-8071.0,-744.0,-519.0,-1718.0
0.6096729999999999,1576818.0,-232.0,-86.0,-8143.0,-969.0,-574.0,-1911.0
0.6201019999999993,1584265.0,-142.0,-206.0,-8189.0,-1012.0,-504.0,-2037.0
0.6296789999999994,1591758.0,-100.0,-276.0,-8263.0,-861.0,-361.0,-2091.0
0.6398549999999998,1599009.0,-89.0,-283.0,-8284.0,-505.0,-195.0,-2041.0
0.6499009999999998,1599008.0,-140.0,-289.0,-8301.0,-150.0,-29.0,-1900.0
0.6596929999999999,1605585.0,-217.0,-182.0,-8281.0,117.0,85.0,-1632.0
0.6698629999999994,1610932.0,-226.0,-57.0,-8264.0,233.0,169.0,-1185.0
0.6796609999999994,1614903.0,-279.0,68.0,-8228.0,188.0,266.0,-616.0
0.6900109999999993,1617340.0,-330.0,172.0,-8223.0,-19.0,380.0,84.0
0.7006329999999998,1617341.0,-400.0,274.0,-8191.0,-438.0,418.0,496.0
0.7098749999999994,1618758.0,-477.0,261.0,-8180.0,-822.0,400.0,723.0
0.7196869999999995,1619375.0,-536.0,191.0,-8163.0,-1111.0,316.0,750.0
0.7298729999999995,1619308.0,-526.0,66.0,-8173.0,-1270.0,209.0,588.0
0.7397649999999993,1619107.0,-536.0,-97.0,-8163.0,-1261.0,104.0,271.0
0.7498109999999993,1619106.0,-527.0,-306.0,-8156.0,-1044.0,6.0,-115.0
0.7597249999999995,1618451.0,-493.0,-399.0,-8111.0,-615.0,-75.0,-488.0
0.769825,1617658.0,-486.0,-379.0,-8120.0,-124.0,-150.0,-853.0
0.7797389999999993,1616367.0,-442.0,-288.0,-8085.0,300.0,-230.0,-990.0
0.7897489999999996,1614646.0,-414.0,-165.0,-8079.0,580.0,-306.0,-936.0
0.7998909999999997,1614647.0,-367.0,-13.0,-8067.0,613.0,-379.0,-706.0
0.8098409999999996,1612336.0,-319.0,60.0,-8084.0,437.0,-437.0,-374.0
0.8197329999999994,1609841.0,-282.0,115.0,-8060.0,213.0,-445.0,-66.0
0.8298289999999993,1607606.0,-240.0,144.0,-8086.0,-37.0,-403.0,159.0
0.8397410000000001,1605839.0,-220.0,99.0,-8075.0,-240.0,-291.0,267.0
0.8497589999999997,1605838.0,-184.0,8.0,-8080.0,-264.0,-94.0,250.0
0.8598049999999997,1604523.0,-198.0,-70.0,-8095.0,-192.0,198.0,171.0
0.869739,1603494.0,-214.0,-69.0,-8066.0,-64.0,385.0,67.0
0.8799529999999995,1602711.0,-287.0,-73.0,-8060.0,12.0,498.0,-53.0
0.8898249999999992,1601996.0,-364.0,-75.0,-8072.0,60.0,510.0,-179.0
0.8997929999999998,1601997.0,-428.0,-70.0,-8080.0,66.0,419.0,-269.0
0.9098489999999995,1601702.0,-441.0,-128.0,-8105.0,48.0,261.0,-318.0
0.9198029999999999,1601605.0,-428.0,-131.0,-8128.0,52.0,73.0,-312.0
0.9299649999999993,1601770.0,-332.0,-107.0,-8160.0,-1.0,-81.0,-244.0
0.9397509999999993,1601751.0,-353.0,-56.0,-8099.0,-138.0,-275.0,-219.0
0.9498689999999996,1601750.0,-309.0,-103.0,-8116.0,-277.0,-380.0,-195.0
0.9597629999999997,1601489.0,-228.0,-93.0,-8112.0,-432.0,-403.0,-155.0
0.9698549999999999,1600832.0,-165.0,-134.0,-8110.0,-483.0,-339.0,-96.0
0.9797629999999993,1600177.0,-115.0,-223.0,-8102.0,-398.0,-202.0,-12.0
0.9899169999999993,1599560.0,-113.0,-266.0,-8075.0,-206.0,-65.0,121.0
1.0006329999999997,1599561.0,-149.0,-253.0,-8058.0,60.0,62.0,407.0
1.0099869999999997,1598992.0,-213.0,-255.0,-8002.0,371.0,80.0,698.0
1.0205389999999994,1598389.0,-235.0,-112.0,-7969.0,728.0,-28.0,1021.0
1.0299109999999994,1597476.0,-192.0,26.0,-7924.0,815.0,-153.0,1307.0
1.0397109999999996,1597165.0,-153.0,133.0,-7879.0,767.0,-237.0,1475.0
1.0499029999999996,1597164.0,-34.0,217.0,-7910.0,566.0,-233.0,1508.0
1.0597269999999996,1597831.0,30.0,262.0,-7975.0,195.0,-148.0,1390.0
1.0698969999999992,1600112.0,77.0,130.0,-8048.0,-189.0,-13.0,1095.0
1.0797169999999996,1604167.0,49.0,43.0,-8096.0,-476.0,168.0,672.0
1.0899549999999998,1609664.0,-29.0,-82.0,-8143.0,-646.0,297.0,100.0
1.099825,1609665.0,-73.0,-200.0,-8176.0,-672.0,356.0,-400.0
1.1098049999999997,1615552.0,-122.0,-262.0,-8149.0,-557.0,368.0,-942.0
1.1197429999999997,1621025.0,-171.0,-299.0,-8163.0,-326.0,401.0,-1426.0
1.1298769999999996,1625704.0,-191.0,-369.0,-8148.0,-63.0,470.0,-1821.0
1.1396949999999997,1629383.0,-257.0,-348.0,-8164.0,278.0,539.0,-2122.0
1.1498729999999995,1629382.0,-373.0,-214.0,-8147.0,539.0,541.0,-2301.0
1.1606569999999996,1632175.0,-472.0,-80.0,-8137.0,663.0,403.0,-2307.0
1.1698909999999998,1634426.0,-540.0,10.0,-8128.0,634.0,257.0,-2216.0
1.1797109999999993,1636425.0,-524.0,96.0,-8144.0,486.0,26.0,-2104.0
1.1899129999999998,1638154.0,-487.0,134.0,-8155.0,233.0,-200.0,-1955.0
1.1997109999999997,1638155.0,-403.0,86.0,-8191.0,13.0,-283.0,-1783.0
1.209911,1639820.0,-347.0,128.0,-8226.0,-212.0,-255.0,-1602.0
1.2206509999999993,1641145.0,-267.0,135.0,-8214.0,-418.0,-155.0,-1309.0
1.2298609999999996,1642000.0,-257.0,117.0,-8207.0,-565.0,-38.0,-1064.0
1.2406389999999998,1642281.0,-247.0,-7.0,-8171.0,-549.0,65.0,-595.0
1.2499669999999998,1642280.0,-289.0,-96.0,-8125.0,-392.0,74.0,-205.0
1.2605909999999998,1642057.0,-268.0,-141.0,-8046.0,-57.0,47.0,155.0
1.2698809999999998,1641318.0,-219.0,-82.0,-7975.0,128.0,74.0,428.0
1.2797349999999987,1640545.0,-201.0,1.0,-7895.0,235.0,154.0,588.0
1.2899909999999988,1640108.0,-195.0,-4.0,-7779.0,244.0,268.0,638.0
1.2997809999999994,1640109.0,-241.0,-36.0,-7721.0,259.0,336.0,610.0
1.3097569999999994,1640490.0,-328.0,0.0,-7716.0,243.0,301.0,601.0
1.3198509999999999,1642425.0,-381.0,-13.0,-7719.0,198.0,149.0,560.0
1.329934999999999,1646326.0,-374.0,-42.0,-7751.0,188.0,-66.0,396.0
1.3398269999999997,1646327.0,-304.0,-37.0,-7785.0,202.0,-238.0,189.0
1.3499409999999994,1651826.0,-216.0,-140.0,-7823.0,290.0,-326.0,-89.0
1.359684999999999,1658397.0,-132.0,-194.0,-7823.0,507.0,-286.0,-459.0
1.3698750000000004,1665960.0,-75.0,-203.0,-7801.0,844.0,-180.0,-871.0
1.3797549999999994,1674595.0,-93.0,-141.0,-7769.0,1059.0,-102.0,-1246.0
1.3899150000000002,1674594.0,-60.0,-18.0,-7769.0,1178.0,-68.0,-1482.0
1.4006329999999991,1683963.0,-43.0,114.0,-7756.0,1137.0,-57.0,-1497.0
1.409934999999999,1694406.0,-119.0,294.0,-7671.0,817.0,-116.0,-1327.0
1.4206149999999997,1706037.0,-116.0,286.0,-7773.0,365.0,-221.0,-1007.0
1.4299389999999992,1718844.0,-75.0,224.0,-7832.0,143.0,-236.0,-679.0
1.4396609999999992,1718845.0,15.0,116.0,-7934.0,-88.0,-120.0,-408.0
1.4498909999999992,1732924.0,47.0,-29.0,-8021.0,-168.0,106.0,-202.0
1.4596689999999999,1748027.0,14.0,-81.0,-8128.0,-121.0,366.0,-56.0
1.4698689999999992,1764050.0,-56.0,-107.0,-8133.0,-90.0,578.0,65.0
1.479678999999999,1780159.0,-176.0,-114.0,-8100.0,-34.0,692.0,199.0
1.4898629999999997,1780158.0,-307.0,-54.0,-8023.0,-10.0,677.0,297.0
1.499718999999999,1796199.0,-403.0,15.0,-7940.0,-52.0,533.0,330.0
1.5099149999999995,1811914.0,-460.0,53.0,-7867.0,-106.0,200.0,391.0
1.520650999999999,1827627.0,-434.0,116.0,-7820.0,-216.0,-135.0,468.0
1.529947,1843322.0,-334.0,173.0,-7813.0,-377.0,-401.0,558.0
1.5406049999999993,1859565.0,-195.0,118.0,-7884.0,-490.0,-522.0,608.0
1.5500360000000004,1859564.0,-73.0,87.0,-8028.0,-540.0,-522.0,588.0
1.5605069999999994,1876633.0,22.0,6.0,-8184.0,-551.0,-426.0,468.0
1.5700070000000004,1894350.0,79.0,-79.0,-8325.0,-479.0,-233.0,330.0
1.5805089999999993,1912667.0,103.0,-144.0,-8444.0,-288.0,125.0,151.0
1.5901440000000004,1912666.0,38.0,-153.0,-8533.0,-127.0,425.0,-71.0
1.6005209999999988,1930669.0,-33.0,-175.0,-8542.0,53.0,678.0,-258.0
1.6100189999999994,1947624.0,-171.0,-104.0,-8495.0,176.0,853.0,-353.0
1.6205269999999992,1963275.0,-298.0,-59.0,-8422.0,199.0,912.0,-311.0
1.63007,1977352.0,-430.0,-19.0,-8351.0,157.0,848.0,-131.0
1.6396629999999988,1977353.0,-515.0,49.0,-8288.0,22.0,710.0,130.0
1.6498709999999992,1989926.0,-571.0,81.0,-8261.0,-232.0,458.0,437.0
1.6598949999999988,2001229.0,-556.0,22.0,-8242.0,-471.0,207.0,616.0
1.6698509999999995,2011850.0,-515.0,-69.0,-8251.0,-653.0,-13.0,733.0
1.679729,2021749.0,-483.0,-179.0,-8247.0,-722.0,-170.0,791.0
1.6899350000000002,2021748.0,-426.0,-298.0,-8263.0,-612.0,-262.0,793.0
1.7005590000000002,2031035.0,-395.0,-338.0,-8218.0,-403.0,-364.0,743.0
1.7099650000000004,2039784.0,-327.0,-330.0,-8188.0,-204.0,-427.0,640.0
1.7205689999999993,2048079.0,-296.0,-299.0,-8184.0,-3.0,-467.0,444.0
1.7299629999999997,2055938.0,-227.0,-196.0,-8183.0,135.0,-507.0,294.0
1.7397709999999993,2055939.0,-154.0,-126.0,-8146.0,172.0,-494.0,236.0
1.749981,2063228.0,-114.0,-103.0,-8087.0,143.0,-415.0,295.0
1.7597389999999997,2070333.0,-36.0,-20.0,-8057.0,83.0,-318.0,352.0
1.7698509999999992,2077148.0,-40.0,-41.0,-8059.0,-16.0,-203.0,350.0
1.7797070000000001,2083941.0,-20.0,-76.0,-8048.0,-13.0,-89.0,298.0
1.7899569999999994,2083940.0,-27.0,-64.0,-8068.0,5.0,46.0,213.0
1.8005949999999995,2090839.0,-78.0,-75.0,-8042.0,-12.0,105.0,41.0
1.8100269999999998,2098072.0,-108.0,-96.0,-8042.0,10.0,140.0,-85.0
1.8205069999999992,2105687.0,-141.0,-91.0,-8142.0,-21.0,165.0,-242.0
1.830093999999999,2113188.0,-194.0,-49.0,-7877.0,9.0,65.0,-431.0
1.8405609999999992,2113189.0,-201.0,-71.0,-8060.0,26.0,8.0,-632.0
1.8499549999999996,2120984.0,-220.0,-23.0,-8127.0,41.0,-88.0,-791.0
1.8605210000000003,2129045.0,-217.0,-76.0,-8175.0,92.0,-192.0,-892.0
1.8702050000000003,2137144.0,-199.0,-24.0,-8241.0,235.0,-275.0,-955.0
1.880331,2145195.0,-114.0,72.0,-8253.0,336.0,-292.0,-1066.0
1.8902039999999989,2145194.0,-49.0,101.0,-8322.0,369.0,-258.0,-1272.0
1.900264,2153143.0,9.0,214.0,-8371.0,341.0,-78.0,-1634.0
1.9102289999999993,2160410.0,-51.0,293.0,-8438.0,186.0,37.0,-2083.0
1.9202700000000004,2167125.0,-164.0,257.0,-8600.0,-87.0,93.0,-2420.0
1.9304639999999988,2173084.0,-279.0,180.0,-8811.0,-251.0,-20.0,-2518.0
1.9402600000000003,2173085.0,-368.0,79.0,-8970.0,-355.0,-226.0,-2293.0
1.950512999999999,2177560.0,-364.0,-28.0,-9153.0,-368.0,-369.0,-1737.0
1.9602249999999994,2180471.0,-309.0,-69.0,-9302.0,-385.0,-403.0,-1203.0
1.9705180000000002,2180586.0,-220.0,-191.0,-9435.0,-367.0,-213.0,-717.0
1.979991,2176457.0,-223.0,-293.0,-9512.0,-278.0,-6.0,-286.0
1.9906489999999994,2176456.0,-245.0,-302.0,-9518.0,-176.0,314.0,132.0
2.0001239999999996,2166967.0,-344.0,-330.0,-9479.0,-104.0,514.0,535.0
2.0105769999999996,2152168.0,-471.0,-323.0,-9358.0,-67.0,567.0,902.0
2.019807,2132405.0,-547.0,-230.0,-9285.0,-120.0,499.0,1141.0
2.029812999999999,2108306.0,-565.0,-191.0,-9174.0,-226.0,402.0,1177.0
2.039949,2108307.0,-557.0,-165.0,-9073.0,-350.0,317.0,1135.0
2.0497879999999995,2080684.0,-595.0,-206.0,-8965.0,-452.0,240.0,1087.0
2.059968999999999,2050207.0,-635.0,-294.0,-8903.0,-445.0,121.0,948.0
2.070589,2016748.0,-638.0,-336.0,-8842.0,-271.0,-117.0,812.0
2.0800459999999994,1980867.0,-591.0,-390.0,-8736.0,-83.0,-337.0,685.0
2.0896869999999996,1980866.0,-526.0,-396.0,-8649.0,138.0,-543.0,567.0
2.099971,1942815.0,-441.0,-339.0,-8509.0,325.0,-727.0,483.0
2.109781,1902806.0,-310.0,-247.0,-8484.0,514.0,-670.0,280.0
2.119985,1860865.0,-225.0,-147.0,-8427.0,501.0,-652.0,53.0
2.1297029999999992,1817766.0,-193.0,-127.0,-8313.0,445.0,-715.0,-39.0
2.1400699999999997,1817767.0,-80.0,-171.0,-8310.0,320.0,-289.0,-18.0
2.150480999999999,1773244.0,143.0,-119.0,-8160.0,324.0,-319.0,-74.0
2.160188999999999,1727433.0,344.0,-131.0,-8015.0,276.0,-95.0,-101.0
2.170532999999999,1680426.0,444.0,-141.0,-7836.0,193.0,267.0,-130.0
2.180223,1632119.0,448.0,-90.0,-7669.0,96.0,922.0,-176.0
2.190458999999999,1632118.0,321.0,-78.0,-7525.0,-36.0,1456.0,-202.0
2.200089,1582771.0,64.0,-96.0,-7333.0,-146.0,1843.0,-193.0
2.210476999999999,1532308.0,-162.0,-159.0,-7128.0,-195.0,1685.0,-154.0
2.220098,1481359.0,-410.0,-233.0,-6894.0,-144.0,1228.0,-111.0
2.2305829999999993,1431768.0,-538.0,-282.0,-6772.0,43.0,745.0,-72.0
2.240098999999999,1431769.0,-504.0,-304.0,-6508.0,262.0,541.0,-41.0
2.2506009999999996,1384722.0,-543.0,-299.0,-6401.0,511.0,-174.0,2.0
2.2601509999999987,1341837.0,-468.0,-310.0,-6344.0,779.0,-708.0,46.0
2.2705469999999988,1303986.0,-229.0,-251.0,-6256.0,990.0,-1111.0,69.0
2.279966999999999,1272707.0,-79.0,-205.0,-6211.0,1130.0,-1434.0,91.0
2.290633999999999,1272706.0,111.0,-154.0,-6162.0,1219.0,-1465.0,101.0
2.300127999999999,1249767.0,256.0,-55.0,-6229.0,1194.0,-1340.0,91.0
2.3106229999999996,1236342.0,307.0,-36.0,-6316.0,1036.0,-1000.0,76.0
2.319996999999999,1234389.0,252.0,-4.0,-6433.0,921.0,-703.0,67.0
2.3297369999999997,1234388.0,186.0,17.0,-6585.0,694.0,-405.0,68.0
2.340019999999999,1247037.0,96.0,10.0,-6772.0,379.0,-213.0,76.0
2.349698,1274820.0,-85.0,-21.0,-6893.0,164.0,-54.0,113.0
2.360047,1310475.0,-237.0,-97.0,-7040.0,20.0,-5.0,151.0
2.369710999999999,1348104.0,-377.0,-144.0,-7194.0,-44.0,54.0,198.0
2.3800469999999994,1386715.0,-521.0,-227.0,-7358.0,-20.0,-301.0,270.0
2.3896669999999993,1386714.0,-449.0,-293.0,-7505.0,132.0,-597.0,318.0
2.400081,1426201.0,-391.0,-323.0,-7654.0,328.0,-1086.0,355.0
2.4106179999999995,1466374.0,-248.0,-347.0,-7898.0,635.0,-1272.0,373.0
2.4197989999999994,1507137.0,-99.0,-320.0,-8039.0,854.0,-1287.0,381.0
2.429739999999999,1507136.0,-77.0,-277.0,-8298.0,965.0,-1227.0,378.0
2.439945,1547983.0,70.0,-189.0,-8369.0,1049.0,-770.0,359.0
2.4505929999999996,1588936.0,64.0,-161.0,-8612.0,892.0,-200.0,345.0
2.459961,1629323.0,-83.0,-78.0,-8686.0,732.0,-20.0,344.0
2.469790999999999,1668028.0,-187.0,-16.0,-8848.0,501.0,189.0,352.0
2.479977,1668029.0,-362.0,28.0,-8951.0,252.0,398.0,370.0
2.489754999999999,1703832.0,-509.0,-25.0,-9049.0,5.0,210.0,398.0
2.4997629999999997,1736399.0,-560.0,-66.0,-9136.0,-234.0,-75.0,422.0
2.509834999999999,1765346.0,-561.0,-145.0,-9219.0,-331.0,-396.0,432.0
2.5198389999999993,1790651.0,-483.0,-263.0,-9274.0,-278.0,-625.0,424.0
2.529938999999999,1790650.0,-355.0,-327.0,-9332.0,-136.0,-690.0,398.0
2.5397929999999995,1811835.0,-154.0,-380.0,-9375.0,101.0,-573.0,343.0
2.549937,1828782.0,-72.0,-377.0,-9392.0,364.0,-295.0,292.0
2.559771999999999,1841373.0,-32.0,-343.0,-9391.0,602.0,178.0,246.0
2.569856999999999,1849524.0,-72.0,-256.0,-9405.0,782.0,518.0,210.0
2.5798629999999996,1849525.0,-203.0,-179.0,-9372.0,790.0,749.0,187.0
2.5896749999999997,1852688.0,-328.0,-84.0,-9331.0,693.0,791.0,170.0
2.600073,1850765.0,-460.0,-3.0,-9242.0,463.0,662.0,170.0
2.610645,1842796.0,-579.0,23.0,-9169.0,189.0,333.0,188.0
2.620113,1829343.0,-557.0,-1.0,-9077.0,-103.0,111.0,204.0
2.6305929999999993,1811730.0,-451.0,-34.0,-8990.0,-398.0,-182.0,223.0
2.6400349999999992,1811731.0,-359.0,-118.0,-8878.0,-508.0,-267.0,237.0
2.650321,1790920.0,-199.0,-208.0,-8766.0,-531.0,-88.0,242.0
2.660285,1767407.0,-85.0,-266.0,-8615.0,-457.0,129.0,234.0
2.670285,1741530.0,-5.0,-333.0,-8490.0,-271.0,432.0,225.0
2.6803179999999998,1741531.0,-14.0,-346.0,-8401.0,-61.0,806.0,204.0
2.690427999999999,1713686.0,-116.0,-326.0,-8223.0,180.0,1057.0,177.0
2.7001340000000003,1684017.0,-198.0,-264.0,-8110.0,357.0,1203.0,160.0
2.710495,1652810.0,-288.0,-215.0,-7965.0,483.0,1164.0,160.0
2.7201259999999987,1620521.0,-367.0,-59.0,-7788.0,426.0,1212.0,134.0
2.730454999999999,1620520.0,-392.0,9.0,-7621.0,221.0,985.0,98.0
2.740207,1587571.0,-388.0,4.0,-7513.0,6.0,735.0,80.0
2.7503650000000004,1554386.0,-322.0,11.0,-7431.0,-216.0,410.0,83.0
2.760209999999999,1522157.0,-225.0,-6.0,-7362.0,-454.0,248.0,77.0
2.7703729999999993,1491476.0,-105.0,-64.0,-7246.0,-653.0,134.0,76.0
2.780213,1491477.0,4.0,-79.0,-7163.0,-804.0,138.0,66.0
2.790374999999999,1463354.0,51.0,-141.0,-7083.0,-873.0,257.0,50.0
2.8002070000000003,1438419.0,80.0,-205.0,-7029.0,-846.0,431.0,33.0
2.8105309999999992,1417180.0,69.0,-251.0,-6983.0,-737.0,580.0,13.0
2.8199609999999993,1400401.0,-26.0,-280.0,-6942.0,-585.0,669.0,8.0
2.830482,1400400.0,-130.0,-285.0,-6958.0,-399.0,659.0,5.0
2.8401639999999997,1388655.0,-204.0,-254.0,-6979.0,-221.0,569.0,9.0
2.850391,1382690.0,-284.0,-238.0,-7024.0,-76.0,373.0,24.0
2.8601659999999995,1383355.0,-320.0,-161.0,-7094.0,5.0,127.0,47.0
2.870379,1391828.0,-313.0,-113.0,-7185.0,4.0,-184.0,72.0
2.880132999999999,1391829.0,-275.0,-94.0,-7308.0,-66.0,-406.0,94.0
2.890635999999999,1407996.0,-200.0,-38.0,-7430.0,-266.0,-586.0,116.0
2.900143,1428833.0,-138.0,-30.0,-7535.0,-471.0,-683.0,129.0
2.9098550000000003,1452092.0,-77.0,-40.0,-7635.0,-679.0,-703.0,147.0
2.9196869999999997,1476243.0,-37.0,-61.0,-7558.0,-885.0,-571.0,156.0
2.9298789999999997,1476242.0,-46.0,-138.0,-7803.0,-1046.0,-43.0,155.0
2.939696999999999,1500997.0,-95.0,-186.0,-7938.0,-1078.0,168.0,160.0
2.949871,1526548.0,-196.0,-256.0,-8032.0,-1058.0,370.0,165.0
2.959674999999999,1552075.0,-293.0,-305.0,-8123.0,-942.0,360.0,177.0
2.969878999999999,1577782.0,-341.0,-343.0,-8130.0,-670.0,219.0,127.0
2.9797130000000003,1577783.0,-366.0,-239.0,-8152.0,-206.0,76.0,-56.0
2.9898429999999987,1603606.0,-422.0,-210.0,-8284.0,89.0,-103.0,-247.0
2.9997030000000002,1628901.0,-390.0,-95.0,-8335.0,293.0,-223.0,-417.0
3.0100040000000003,1652848.0,-375.0,54.0,-8430.0,349.0,-381.0,-553.0
3.020598999999999,1675679.0,-320.0,199.0,-8522.0,206.0,-558.0,-573.0
3.0301289999999987,1675678.0,-248.0,236.0,-8638.0,-113.0,-604.0,-475.0
3.0405990000000003,1696955.0,-178.0,285.0,-8714.0,-608.0,-550.0,-309.0
3.0499969999999994,1716386.0,-98.0,269.0,-8797.0,-1044.0,-404.0,-115.0
3.0597049999999992,1733937.0,-67.0,183.0,-8863.0,-1399.0,-167.0,88.0
3.0698549999999987,1749358.0,-46.0,-198.0,-8561.0,-1537.0,0.0,116.0
3.0806249999999995,1749359.0,136.0,-879.0,-8157.0,-1207.0,548.0,1047.0
3.0898450000000004,1762210.0,72.0,-1188.0,-7933.0,-425.0,1466.0,2144.0
3.0996689999999987,1772197.0,-215.0,-1145.0,-7908.0,521.0,2174.0,3694.0
3.1099429999999995,1780840.0,-820.0,-702.0,-7914.0,1143.0,2159.0,4955.0
3.120595,1789709.0,-1119.0,-289.0,-7892.0,1134.0,898.0,5080.0
3.1299449999999993,1789708.0,-912.0,-63.0,-7720.0,794.0,-331.0,4595.0
3.1405709999999996,1799513.0,-574.0,6.0,-7572.0,-11.0,-1153.0,3730.0
3.1499430000000004,1809898.0,-194.0,-40.0,-7534.0,-656.0,-1508.0,2600.0
3.160596999999999,1821071.0,195.0,-269.0,-7608.0,-1104.0,-1326.0,834.0
3.1700989999999987,1833472.0,141.0,-535.0,-7724.0,-1142.0,-1076.0,-355.0
3.180657,1833473.0,134.0,-674.0,-7846.0,-821.0,-969.0,-2238.0
3.190026999999999,1847880.0,91.0,-789.0,-7935.0,-238.0,-921.0,-3335.0
3.200500999999999,1864241.0,71.0,-697.0,-7971.0,605.0,-897.0,-3852.0
3.2100530000000003,1881534.0,169.0,-489.0,-7985.0,1098.0,-699.0,-3720.0
3.220599,1899155.0,151.0,-253.0,-7984.0,1283.0,-442.0,-3121.0
3.229894999999999,1899154.0,217.0,-35.0,-7996.0,1216.0,-217.0,-2442.0
3.240601,1916853.0,207.0,124.0,-8037.0,945.0,34.0,-1696.0
3.2499029999999998,1934648.0,143.0,76.0,-8045.0,621.0,243.0,-1288.0
3.2597050000000003,1952889.0,114.0,19.0,-8049.0,361.0,451.0,-771.0
3.2700699999999987,1971532.0,-10.0,-88.0,-8068.0,166.0,642.0,-156.0
3.280633,1971533.0,-87.0,-186.0,-8036.0,87.0,767.0,192.0
3.2898949999999996,1990190.0,-164.0,-190.0,-7994.0,78.0,802.0,249.0
3.3006569999999993,2008815.0,-279.0,-153.0,-7938.0,-7.0,702.0,38.0
3.309851,2027614.0,-396.0,-123.0,-7999.0,-126.0,462.0,-288.0
3.3197449999999993,2046375.0,-533.0,-165.0,-8143.0,-272.0,35.0,-573.0
3.3298430000000003,2046374.0,-546.0,-246.0,-8343.0,-369.0,-449.0,-810.0
3.3406330000000004,2065963.0,-447.0,-402.0,-8552.0,-347.0,-958.0,-1034.0
3.349976999999999,2085588.0,-277.0,-471.0,-8738.0,-215.0,-1086.0,-1162.0
3.3606409999999993,2104315.0,-97.0,-394.0,-9028.0,-97.0,-1057.0,-1403.0
3.369876999999999,2121698.0,-57.0,-270.0,-9352.0,-97.0,-921.0,-1822.0
3.379740999999999,2121699.0,-50.0,-210.0,-9680.0,-173.0,-769.0,-2307.0
3.3899670000000004,2137072.0,-97.0,-228.0,-10071.0,-197.0,-607.0,-2769.0
3.400587,2148937.0,-162.0,-308.0,-10315.0,-106.0,-406.0,-3153.0
3.409958999999999,2155830.0,-177.0,-300.0,-10468.0,36.0,-92.0,-3186.0
3.4205889999999997,2156029.0,-195.0,-205.0,-10493.0,108.0,490.0,-2798.0
3.4299909999999993,2156028.0,-263.0,9.0,-10473.0,-26.0,878.0,-2275.0
3.440612999999999,2147319.0,-390.0,256.0,-10456.0,-582.0,1383.0,-1823.0
3.4500089999999997,2128396.0,-676.0,484.0,-10422.0,-1110.0,1400.0,-1550.0
3.459776999999999,2101053.0,-821.0,417.0,-10289.0,-2183.0,948.0,-1304.0
3.4699489999999997,2066870.0,-817.0,-35.0,-10105.0,-2629.0,339.0,-973.0
3.4796929999999993,2066871.0,-709.0,-484.0,-9830.0,-2379.0,-171.0,-896.0
3.4898849999999992,2026672.0,-468.0,-943.0,-9558.0,-1560.0,-454.0,-869.0
3.5006570000000004,1980621.0,-255.0,-1117.0,-9310.0,-333.0,-462.0,-879.0
3.509983,1929054.0,-81.0,-1037.0,-9091.0,1055.0,-143.0,-933.0
3.520543,1872661.0,11.0,-881.0,-8857.0,2519.0,358.0,-995.0
3.530009999999999,1872660.0,-7.0,-599.0,-8653.0,3031.0,779.0,-1019.0
3.5406129999999987,1811981.0,-54.0,-172.0,-8303.0,3285.0,1112.0,-1035.0
3.5501389999999997,1747634.0,-182.0,152.0,-8070.0,2884.0,1828.0,-1030.0
3.560511,1679927.0,-291.0,452.0,-7765.0,2146.0,1784.0,-987.0
3.5700629999999993,1609532.0,-335.0,596.0,-7447.0,1161.0,1645.0,-925.0
3.5804709999999993,1609533.0,-412.0,608.0,-7159.0,63.0,1268.0,-829.0
3.5902189999999994,1536114.0,-212.0,408.0,-6409.0,-877.0,-185.0,-740.0
3.6005570000000002,1459739.0,-318.0,270.0,-6602.0,-1728.0,537.0,-718.0
3.6099750000000004,1382382.0,-184.0,-13.0,-6133.0,-2044.0,197.0,-664.0
3.620628999999999,1305937.0,-47.0,-263.0,-5751.0,-1990.0,-124.0,-615.0
3.6299189999999992,1305936.0,1.0,-452.0,-5615.0,-1613.0,-216.0,-569.0
3.640642999999999,1232117.0,77.0,-625.0,-5332.0,-940.0,-321.0,-511.0
3.6500769999999996,1163684.0,89.0,-687.0,-5158.0,-116.0,-337.0,-462.0
3.6597089999999994,1104093.0,93.0,-703.0,-5046.0,751.0,-255.0,-407.0
3.67004,1104092.0,70.0,-632.0,-5002.0,1597.0,-144.0,-319.0
3.680657,1056561.0,-4.0,-517.0,-5096.0,2491.0,-229.0,-241.0
3.689895,1025486.0,-56.0,-346.0,-5269.0,2867.0,-443.0,-159.0
3.699669,1017063.0,-106.0,-181.0,-5574.0,3115.0,-545.0,-75.0
3.709852999999999,1040224.0,-215.0,22.0,-5839.0,3026.0,-686.0,19.0
3.7196949999999998,1040225.0,-258.0,268.0,-6178.0,2547.0,-981.0,123.0
3.729875,1094686.0,-260.0,457.0,-6425.0,1752.0,-1198.0,231.0
3.7396949999999993,1159649.0,-272.0,551.0,-6679.0,782.0,-1354.0,333.0
3.7498829999999987,1222972.0,-196.0,548.0,-6923.0,-239.0,-1475.0,433.0
3.759874999999999,1284481.0,-95.0,419.0,-7143.0,-1213.0,-1405.0,498.0
3.769774999999999,1284480.0,-81.0,183.0,-7432.0,-1969.0,-924.0,536.0
3.779833,1345257.0,0.0,-141.0,-7584.0,-2292.0,-716.0,566.0
3.7899390000000004,1405388.0,30.0,-426.0,-7797.0,-2038.0,-1013.0,586.0
3.7997549999999993,1465051.0,-84.0,-746.0,-8084.0,-1459.0,-643.0,582.0
3.8099929999999986,1524568.0,-203.0,-988.0,-8254.0,-543.0,-419.0,541.0
3.8197529999999986,1524569.0,-258.0,-974.0,-8485.0,698.0,-321.0,500.0
3.8300099999999997,1583138.0,-370.0,-830.0,-8626.0,1763.0,-469.0,461.0
3.839744999999999,1640649.0,-463.0,-605.0,-8930.0,2691.0,-451.0,468.0
3.850014999999999,1695516.0,-487.0,-220.0,-9153.0,3056.0,-756.0,495.0
3.859736999999999,1746415.0,-430.0,170.0,-9359.0,2833.0,-939.0,548.0
3.8700159999999997,1746414.0,-358.0,510.0,-9561.0,1815.0,-972.0,609.0
3.8805129999999988,1792801.0,-261.0,734.0,-9728.0,607.0,-885.0,666.0
3.8900249999999996,1834444.0,-198.0,706.0,-9807.0,-755.0,-718.0,700.0
3.9006049999999988,1871231.0,-196.0,433.0,-9890.0,-1938.0,-389.0,731.0
3.9101489999999988,1902156.0,-200.0,88.0,-9958.0,-2642.0,-166.0,739.0
3.9206249999999994,1902157.0,-269.0,-347.0,-9954.0,-2731.0,102.0,747.0
3.9299429999999997,1926980.0,-339.0,-759.0,-9951.0,-2305.0,216.0,744.0
3.9397909999999996,1946007.0,-440.0,-1032.0,-9930.0,-1289.0,201.0,741.0
3.9499949999999995,1958774.0,-483.0,-1108.0,-9904.0,348.0,68.0,727.0
3.9597369999999987,1965155.0,-524.0,-1009.0,-9884.0,1603.0,-124.0,718.0
3.9700159999999993,1965154.0,-504.0,-624.0,-9848.0,2541.0,-288.0,708.0
3.980542999999999,1964561.0,-403.0,-193.0,-9800.0,2894.0,-374.0,719.0
3.9901780000000002,1955880.0,-304.0,206.0,-9741.0,2643.0,-350.0,743.0
4.000582999999999,1939365.0,-201.0,535.0,-9633.0,1574.0,-169.0,782.0
4.010178,1916822.0,-153.0,707.0,-9516.0,309.0,67.0,829.0
4.020477,1916823.0,-144.0,675.0,-9356.0,-1011.0,315.0,878.0
4.030258,1889682.0,-179.0,474.0,-9170.0,-2086.0,548.0,916.0
4.040405,1858617.0,-271.0,86.0,-9001.0,-2761.0,762.0,940.0
4.050314999999999,1823892.0,-320.0,-269.0,-8777.0,-2887.0,809.0,948.0
4.060331,1785811.0,-379.0,-664.0,-8581.0,-2420.0,836.0,912.0
4.070300999999999,1785810.0,-371.0,-836.0,-8356.0,-1614.0,645.0,883.0
4.080266,1744809.0,-327.0,-1025.0,-7988.0,-600.0,856.0,849.0
4.090480999999999,1701480.0,-297.0,-943.0,-7978.0,751.0,788.0,819.0
4.099964999999999,1656307.0,-200.0,-732.0,-7820.0,1651.0,690.0,804.0
4.109797,1609410.0,-104.0,-452.0,-7648.0,2174.0,624.0,796.0
4.119887,1609411.0,-6.0,-166.0,-7421.0,2294.0,563.0,791.0
4.129880999999999,1561408.0,-75.0,166.0,-7424.0,1997.0,-372.0,810.0
4.139880999999999,1512761.0,124.0,432.0,-7061.0,1259.0,482.0,791.0
4.149870999999999,1464696.0,60.0,540.0,-6911.0,329.0,343.0,790.0
4.159880999999999,1418769.0,-62.0,554.0,-6829.0,-720.0,758.0,803.0
4.1698889999999995,1418768.0,-74.0,459.0,-6663.0,-1693.0,819.0,826.0
4.179858999999999,1375977.0,-130.0,296.0,-6538.0,-2481.0,717.0,864.0
4.189886999999999,1337424.0,-157.0,43.0,-6412.0,-3002.0,523.0,899.0
4.1998809999999995,1304531.0,-205.0,-208.0,-6319.0,-3011.0,324.0,931.0
4.209892999999999,1278710.0,-196.0,-432.0,-6263.0,-2684.0,180.0,967.0
4.219686999999999,1278711.0,-191.0,-672.0,-6268.0,-2042.0,46.0,980.0
4.229896999999999,1261310.0,-145.0,-797.0,-6322.0,-1157.0,-115.0,995.0
4.239879,1254413.0,-89.0,-810.0,-6424.0,-183.0,-225.0,998.0
4.249882999999999,1260524.0,-39.0,-721.0,-6575.0,749.0,-267.0,1003.0
4.259770999999999,1281419.0,-38.0,-581.0,-6733.0,1508.0,-333.0,1007.0
4.270002999999999,1281418.0,-8.0,-357.0,-6919.0,2065.0,-368.0,1017.0
4.279776999999999,1312561.0,-37.0,-61.0,-7115.0,2052.0,-356.0,1035.0
4.289788999999999,1347430.0,-60.0,204.0,-7270.0,1629.0,-172.0,1052.0
4.299745,1383633.0,-118.0,444.0,-7451.0,868.0,138.0,1076.0
4.310027999999999,1420312.0,-191.0,571.0,-7629.0,-127.0,292.0,1122.0
4.319725,1420313.0,-259.0,554.0,-7776.0,-1207.0,19.0,1170.0
4.329822999999999,1457886.0,-269.0,376.0,-7952.0,-2279.0,-163.0,1206.0
4.339950999999999,1496249.0,-342.0,117.0,-8030.0,-3015.0,-115.0,1228.0
4.349831,1534568.0,-332.0,-192.0,-8162.0,-3183.0,-122.0,1223.0
4.359916,1573057.0,-329.0,-541.0,-8344.0,-2846.0,-303.0,1208.0
4.369852999999999,1573056.0,-286.0,-823.0,-8435.0,-1998.0,-259.0,1175.0
4.380637,1611259.0,-220.0,-1012.0,-8559.0,-907.0,-277.0,1123.0
4.390141,1648458.0,-201.0,-996.0,-8650.0,323.0,-76.0,1078.0
4.400566999999999,1683507.0,-189.0,-837.0,-8813.0,1664.0,123.0,1039.0
4.410164999999999,1715370.0,-204.0,-500.0,-8962.0,2193.0,276.0,1011.0
4.420351,1715371.0,-249.0,-155.0,-9083.0,2407.0,369.0,986.0
4.430370999999999,1744182.0,-321.0,205.0,-9197.0,1991.0,390.0,976.0
4.440218,1769531.0,-359.0,505.0,-9290.0,1103.0,374.0,981.0
4.450493,1791148.0,-438.0,652.0,-9358.0,-79.0,292.0,1015.0
4.4602129999999995,1808965.0,-426.0,573.0,-9377.0,-1279.0,187.0,1047.0
4.470499,1808964.0,-418.0,340.0,-9382.0,-2249.0,93.0,1075.0
4.480272999999999,1822785.0,-366.0,-10.0,-9374.0,-2828.0,42.0,1084.0
4.4904589999999995,1832224.0,-311.0,-424.0,-9346.0,-2754.0,50.0,1070.0
4.500314999999999,1837279.0,-281.0,-749.0,-9277.0,-2086.0,105.0,1029.0
4.510418999999999,1837622.0,-252.0,-997.0,-9189.0,-1026.0,207.0,968.0
4.520346,1837623.0,-262.0,-1066.0,-9131.0,233.0,319.0,902.0
4.5304269999999995,1832726.0,-270.0,-902.0,-9062.0,1448.0,416.0,824.0
4.540327,1822275.0,-309.0,-633.0,-9013.0,2338.0,465.0,758.0
4.5502009999999995,1806862.0,-338.0,-282.0,-8950.0,2763.0,464.0,730.0
4.560307,1787735.0,-338.0,108.0,-8892.0,2665.0,396.0,724.0
4.5701719999999995,1787734.0,-370.0,398.0,-8800.0,2046.0,312.0,734.0
4.580335,1765935.0,-335.0,577.0,-8699.0,791.0,246.0,751.0
4.5902709999999995,1742168.0,-332.0,603.0,-8556.0,-342.0,248.0,764.0
4.600444999999999,1716443.0,-298.0,441.0,-8413.0,-1394.0,222.0,776.0
4.61007,1688914.0,-247.0,172.0,-8290.0,-2126.0,229.0,767.0
4.619667,1688915.0,-236.0,-79.0,-8138.0,-2382.0,297.0,736.0
4.630096,1659756.0,-200.0,-472.0,-7978.0,-2209.0,364.0,690.0
4.640428999999999,1629523.0,-192.0,-751.0,-7838.0,-1613.0,418.0,644.0
4.650336999999999,1598828.0,-219.0,-922.0,-7683.0,-382.0,438.0,601.0
4.660437,1567967.0,-198.0,-932.0,-7548.0,689.0,453.0,558.0
4.670325,1567966.0,-242.0,-821.0,-7445.0,1673.0,570.0,517.0
4.680439999999999,1537161.0,-240.0,-579.0,-7369.0,2456.0,480.0,482.0
4.690315,1507404.0,-241.0,-282.0,-7294.0,2866.0,395.0,459.0
4.7003889999999995,1479405.0,-215.0,13.0,-7229.0,2845.0,238.0,450.0
4.710241999999999,1453644.0,-186.0,257.0,-7179.0,2432.0,142.0,451.0
4.720388999999999,1453645.0,-169.0,446.0,-7128.0,1699.0,-20.0,451.0
4.730234999999999,1431318.0,-126.0,542.0,-7084.0,746.0,-137.0,462.0
4.740299,1413313.0,-111.0,503.0,-7061.0,-507.0,-223.0,467.0
4.750351,1399870.0,-94.0,376.0,-7059.0,-1348.0,-280.0,471.0
4.760275,1391359.0,-103.0,153.0,-7056.0,-1921.0,-332.0,463.0
4.7702729999999995,1391358.0,-105.0,-173.0,-7067.0,-2126.0,-377.0,454.0
4.780412999999999,1388513.0,-159.0,-466.0,-7117.0,-1936.0,-398.0,418.0
4.790122,1392662.0,-174.0,-701.0,-7157.0,-1354.0,-454.0,385.0
4.800407,1404979.0,-223.0,-852.0,-7224.0,-470.0,-543.0,344.0
4.81021,1404978.0,-221.0,-895.0,-7308.0,555.0,-627.0,293.0
4.820347,1423455.0,-248.0,-837.0,-7421.0,1819.0,-736.0,247.0
4.830413999999999,1445212.0,-232.0,-635.0,-7445.0,2582.0,-728.0,195.0
4.840214,1468211.0,-234.0,-383.0,-7720.0,2990.0,-693.0,150.0
4.850422,1491750.0,-208.0,3.0,-7841.0,2968.0,-742.0,117.0
4.860116999999999,1491751.0,-205.0,280.0,-7959.0,2509.0,-723.0,97.0
4.87045,1515800.0,-169.0,508.0,-8074.0,1655.0,-659.0,73.0
4.880129999999999,1540339.0,-187.0,585.0,-8160.0,550.0,-555.0,55.0
4.890362999999999,1565306.0,-195.0,527.0,-8266.0,-844.0,-478.0,44.0
4.900181,1590449.0,-215.0,367.0,-8351.0,-1737.0,-441.0,23.0
4.910375,1590448.0,-257.0,75.0,-8422.0,-2246.0,-414.0,-4.0
4.92018,1615017.0,-280.0,-282.0,-8499.0,-2267.0,-428.0,-37.0
4.930354999999999,1638564.0,-293.0,-678.0,-8516.0,-1800.0,-472.0,-92.0
4.940183999999999,1660625.0,-321.0,-891.0,-8563.0,-923.0,-473.0,-155.0
4.950370999999999,1680802.0,-330.0,-999.0,-8637.0,197.0,-523.0,-257.0
4.960160999999999,1680803.0,-292.0,-935.0,-8700.0,1355.0,-544.0,-332.0
4.970334999999999,1699010.0,-279.0,-699.0,-8764.0,2304.0,-543.0,-404.0
4.980196999999999,1714933.0,-244.0,-413.0,-8836.0,2945.0,-488.0,-463.0
4.9903569999999995,1728252.0,-254.0,-63.0,-8914.0,2890.0,-421.0,-509.0
4.999915,1738783.0,-235.0,300.0,-8943.0,2311.0,-348.0,-529.0
5.009789,1738782.0,-250.0,544.0,-8967.0,1347.0,-272.0,-545.0
5.019783,1746765.0,-279.0,633.0,-8963.0,187.0,-223.0,-542.0
5.0297789999999996,1751854.0,-298.0,549.0,-8927.0,-964.0,-204.0,-548.0
5.039707,1753673.0,-327.0,269.0,-8891.0,-1883.0,-215.0,-561.0
5.0498709999999996,1752126.0,-321.0,-43.0,-8819.0,-2376.0,-246.0,-585.0
5.059738999999999,1752127.0,-320.0,-398.0,-8741.0,-2361.0,-276.0,-629.0
5.069880999999999,1746406.0,-297.0,-688.0,-8655.0,-1668.0,-268.0,-694.0
5.079787,1737253.0,-248.0,-902.0,-8576.0,-697.0,-227.0,-767.0
5.089819,1725426.0,-216.0,-959.0,-8493.0,439.0,-155.0,-840.0
5.099717,1711443.0,-222.0,-872.0,-8441.0,1505.0,-89.0,-909.0
5.109822999999999,1711442.0,-200.0,-587.0,-8402.0,2318.0,-10.0,-972.0
5.119864999999999,1695797.0,-212.0,-264.0,-8355.0,2722.0,48.0,-1025.0
5.130638999999999,1678804.0,-249.0,52.0,-8295.0,2530.0,112.0,-1050.0
5.139894999999999,1660811.0,-247.0,342.0,-8225.0,2081.0,115.0,-1054.0
5.1496949999999995,1642344.0,-254.0,531.0,-8164.0,1184.0,84.0,-1046.0
5.159808999999999,1642345.0,-265.0,600.0,-8096.0,-199.0,33.0,-1032.0
5.169751,1623320.0,-260.0,523.0,-7993.0,-1250.0,-29.0,-1022.0
5.179748999999999,1603915.0,-218.0,312.0,-7914.0,-2075.0,119.0,-1022.0
5.189847,1584430.0,-185.0,-26.0,-7815.0,-2526.0,90.0,-1029.0
5.199785,1565289.0,-131.0,-333.0,-7726.0,-2547.0,81.0,-1057.0
5.2097549999999995,1565288.0,-98.0,-612.0,-7634.0,-2145.0,110.0,-1080.0
5.2197189999999996,1546809.0,-62.0,-796.0,-7543.0,-1401.0,189.0,-1120.0
5.229764999999999,1529632.0,-84.0,-884.0,-7480.0,-433.0,244.0,-1151.0
5.239768999999999,1514231.0,-106.0,-832.0,-7439.0,821.0,278.0,-1184.0
5.249770999999999,1501104.0,-122.0,-680.0,-7438.0,1650.0,294.0,-1209.0
5.259779,1501105.0,-162.0,-441.0,-7457.0,2168.0,274.0,-1225.0
5.269855,1490240.0,-197.0,-90.0,-7449.0,2288.0,206.0,-1229.0
5.279705,1482179.0,-229.0,193.0,-7487.0,1997.0,91.0,-1219.0
5.289878999999999,1477110.0,-229.0,427.0,-7506.0,1327.0,-48.0,-1198.0
5.299685,1475555.0,-190.0,541.0,-7535.0,387.0,-210.0,-1174.0
5.309890999999999,1475554.0,-166.0,532.0,-7591.0,-930.0,-325.0,-1142.0
5.320639,1477875.0,-136.0,395.0,-7652.0,-1877.0,-383.0,-1115.0
5.329932999999999,1484572.0,-98.0,227.0,-7668.0,-2572.0,-404.0,-1100.0
5.340629,1494973.0,-76.0,-131.0,-7714.0,-2890.0,-373.0,-1092.0
5.350014,1507610.0,-58.0,-431.0,-7756.0,-2770.0,-316.0,-1089.0
5.360619,1507611.0,-115.0,-693.0,-7787.0,-2222.0,-211.0,-1098.0
5.370049999999999,1521948.0,-101.0,-872.0,-7656.0,-1378.0,194.0,-1122.0
5.380597,1537215.0,-173.0,-931.0,-7894.0,-63.0,191.0,-1139.0
5.389916999999999,1552670.0,-246.0,-846.0,-7951.0,942.0,163.0,-1151.0
5.400642999999999,1568177.0,-276.0,-570.0,-8060.0,1706.0,103.0,-1152.0
5.409903,1568176.0,-318.0,-362.0,-8156.0,2094.0,38.0,-1149.0
5.420577,1583763.0,-319.0,40.0,-8225.0,2019.0,-79.0,-1119.0
5.430012,1599272.0,-292.0,323.0,-8310.0,1482.0,-143.0,-1086.0
5.440531,1614269.0,-248.0,533.0,-8376.0,582.0,-210.0,-1028.0
5.450009999999999,1628548.0,-223.0,556.0,-8429.0,-503.0,-184.0,-979.0
5.4605429999999995,1628549.0,-192.0,505.0,-8475.0,-1845.0,-116.0,-933.0
5.470004999999999,1641902.0,-158.0,311.0,-8513.0,-2664.0,-10.0,-891.0
5.480561,1653975.0,-149.0,-10.0,-8535.0,-3063.0,120.0,-860.0
5.489943,1664526.0,-177.0,-349.0,-8531.0,-2988.0,240.0,-841.0
5.500593,1673599.0,-224.0,-718.0,-8514.0,-2434.0,320.0,-829.0
5.509943,1673598.0,-267.0,-917.0,-8503.0,-1510.0,363.0,-833.0
5.520558999999999,1681285.0,-316.0,-964.0,-8496.0,-387.0,336.0,-834.0
5.529952999999999,1687272.0,-354.0,-884.0,-8505.0,720.0,287.0,-831.0
5.540571,1691409.0,-347.0,-674.0,-8536.0,1779.0,191.0,-818.0
5.5500479999999985,1693342.0,-316.0,-347.0,-8558.0,2168.0,126.0,-793.0
5.5605329999999995,1693343.0,-316.0,-6.0,-8583.0,2054.0,81.0,-748.0
5.570055,1693042.0,-263.0,309.0,-8569.0,1480.0,80.0,-699.0
5.579694999999999,1690525.0,-244.0,492.0,-8561.0,544.0,122.0,-638.0
5.590007999999999,1685836.0,-203.0,582.0,-8522.0,-547.0,188.0,-576.0
5.599731,1679051.0,-201.0,478.0,-8471.0,-1614.0,267.0,-517.0
5.609807,1679050.0,-215.0,233.0,-8425.0,-2442.0,342.0,-443.0
5.619785,1670365.0,-230.0,-67.0,-8359.0,-2876.0,415.0,-394.0
5.629731,1660210.0,-240.0,-387.0,-8291.0,-2834.0,435.0,-364.0
5.639740999999999,1649115.0,-281.0,-684.0,-8186.0,-2146.0,418.0,-338.0
5.6499109999999995,1637778.0,-312.0,-876.0,-8103.0,-1198.0,373.0,-320.0
5.659839,1637779.0,-322.0,-927.0,-8032.0,-103.0,320.0,-306.0
5.669770999999999,1626274.0,-283.0,-825.0,-8005.0,971.0,255.0,-293.0
5.679938999999999,1614521.0,-275.0,-611.0,-7988.0,1810.0,216.0,-267.0
5.690602999999999,1602624.0,-179.0,-163.0,-7738.0,2306.0,419.0,-556.0
5.699961,1590615.0,-249.0,184.0,-7668.0,2222.0,714.0,-1026.0
5.710574999999999,1590614.0,-349.0,438.0,-7638.0,1557.0,834.0,-1404.0
5.720013,1579367.0,-466.0,697.0,-7568.0,622.0,782.0,-1789.0
5.730528999999999,1569924.0,-601.0,857.0,-7448.0,-515.0,617.0,-2262.0
5.739958999999999,1562975.0,-714.0,738.0,-7524.0,-1595.0,286.0,-2634.0
5.7506129999999995,1558962.0,-712.0,241.0,-7706.0,-2277.0,-209.0,-2772.0
5.760062,1558963.0,-617.0,-114.0,-7819.0,-2481.0,-748.0,-2717.0
5.769686999999999,1558084.0,-456.0,-422.0,-7868.0,-2253.0,-1117.0,-2653.0
5.780016,1560561.0,-261.0,-618.0,-7922.0,-1707.0,-1284.0,-2587.0
5.789738999999999,1565706.0,-77.0,-752.0,-7956.0,-938.0,-1202.0,-2501.0
5.799975,1565707.0,76.0,-806.0,-7969.0,183.0,-890.0,-2440.0
5.809761,1572168.0,156.0,-760.0,-8005.0,1048.0,-419.0,-2368.0
5.819932999999999,1579213.0,135.0,-564.0,-8068.0,1714.0,60.0,-2305.0
5.829792999999999,1586076.0,28.0,-278.0,-8102.0,2042.0,439.0,-2238.0
5.839862999999999,1592509.0,-128.0,-12.0,-8139.0,1995.0,694.0,-2138.0
5.849886999999999,1592508.0,-201.0,143.0,-8007.0,1431.0,862.0,-1434.0
5.859814999999999,1598899.0,-43.0,82.0,-7532.0,577.0,1349.0,-280.0
5.869911,1604822.0,-124.0,18.0,-7209.0,-264.0,2132.0,968.0
5.879807,1611051.0,-588.0,-95.0,-7151.0,-713.0,2372.0,1569.0
5.889738999999999,1619180.0,-1057.0,-228.0,-7274.0,-766.0,1591.0,1091.0
5.899953,1619181.0,-1302.0,-531.0,-7633.0,-387.0,150.0,-38.0
5.909778999999999,1630914.0,-1283.0,-714.0,-7800.0,376.0,-1429.0,-1312.0
5.919960999999999,1646209.0,-661.0,-808.0,-7870.0,1351.0,-2463.0,-2670.0
5.929777,1663674.0,-315.0,-695.0,-7879.0,2383.0,-2890.0,-3355.0
5.939957,1681683.0,-111.0,-271.0,-7882.0,3130.0,-3022.0,-3592.0
5.949797,1681682.0,121.0,240.0,-7892.0,3219.0,-2879.0,-3428.0
5.959949,1699519.0,99.0,683.0,-7901.0,2403.0,-2761.0,-2984.0
5.969745,1717362.0,212.0,1006.0,-7953.0,1328.0,-2610.0,-2342.0
5.979963,1735827.0,492.0,994.0,-8081.0,146.0,-2205.0,-1548.0
5.989792999999999,1755332.0,638.0,731.0,-8102.0,-739.0,-1560.0,-702.0
6.000563,1755333.0,818.0,431.0,-8104.0,-1235.0,-613.0,257.0
6.010156,1775540.0,945.0,199.0,-8097.0,-1395.0,350.0,802.0
6.020572999999999,1795749.0,771.0,35.0,-8052.0,-1173.0,1154.0,1030.0
6.0301719999999985,1815726.0,590.0,48.0,-7968.0,-868.0,1763.0,946.0
6.040417,1835563.0,319.0,102.0,-7862.0,-649.0,2197.0,687.0
6.050281,1835562.0,128.0,158.0,-7788.0,-522.0,2417.0,402.0
6.060485,1855439.0,-113.0,293.0,-7727.0,-570.0,2403.0,163.0
6.070098,1875726.0,-300.0,227.0,-7657.0,-764.0,2231.0,102.0
6.079668999999999,1896901.0,-482.0,72.0,-7623.0,-876.0,1827.0,184.0
6.090040999999999,1919228.0,-579.0,-70.0,-7620.0,-841.0,1312.0,234.0
6.099731,1919229.0,-558.0,-184.0,-7648.0,-698.0,697.0,40.0
6.11003,1942734.0,-479.0,-365.0,-7818.0,-378.0,143.0,-393.0
6.119731,1967565.0,-356.0,-347.0,-7976.0,-6.0,-100.0,-887.0
6.130027,1993580.0,-268.0,-324.0,-8219.0,266.0,-117.0,-1309.0
6.1396809999999995,2020497.0,-276.0,-257.0,-8324.0,379.0,-14.0,-1606.0
6.149853,2020496.0,-317.0,-178.0,-8349.0,333.0,56.0,-1715.0
6.159704999999999,2047531.0,-365.0,-56.0,-8355.0,155.0,66.0,-1597.0
6.169879,2073916.0,-416.0,-69.0,-8297.0,-57.0,-11.0,-1209.0
6.180648999999999,2099309.0,-374.0,8.0,-8304.0,-408.0,-203.0,-919.0
6.189957,2123770.0,-337.0,-38.0,-8286.0,-605.0,-324.0,-723.0
6.200600999999999,2123771.0,-287.0,-112.0,-8489.0,-729.0,-369.0,-601.0
6.209940999999999,2147392.0,-185.0,-237.0,-8610.0,-646.0,-303.0,-513.0
6.220640999999999,2170513.0,-127.0,-319.0,-8824.0,-461.0,-156.0,-403.0
6.229877,2192718.0,-133.0,-266.0,-8951.0,-244.0,75.0,-269.0
6.239865,2213199.0,-157.0,-180.0,-9069.0,-238.0,339.0,-58.0
6.249680999999999,2213198.0,-193.0,-245.0,-9006.0,-315.0,603.0,255.0
6.259848999999999,2231297.0,-289.0,-379.0,-8804.0,-348.0,817.0,904.0
6.269897,2246492.0,-443.0,-460.0,-8649.0,-287.0,841.0,1389.0
6.279848999999999,2258479.0,-602.0,-462.0,-8586.0,-80.0,610.0,1645.0
6.289686999999999,2267770.0,-690.0,-302.0,-8602.0,33.0,250.0,1635.0
6.299837,2267771.0,-711.0,-206.0,-8758.0,35.0,-167.0,1382.0
6.309918999999999,2275064.0,-670.0,-68.0,-8930.0,-6.0,-532.0,1024.0
6.319664999999999,2280473.0,-615.0,21.0,-9140.0,-128.0,-822.0,742.0
6.329834999999999,2284134.0,-508.0,26.0,-9416.0,-288.0,-1027.0,730.0
6.339900999999999,2285181.0,-460.0,-9.0,-9764.0,-372.0,-1132.0,764.0
6.349834999999999,2285180.0,-442.0,-62.0,-10135.0,-404.0,-1257.0,630.0
6.359736999999999,2282257.0,-362.0,-156.0,-10476.0,-301.0,-1316.0,332.0
6.370002999999999,2273724.0,-341.0,-140.0,-10799.0,-93.0,-1321.0,106.0
6.380578999999999,2257479.0,-224.0,-214.0,-10911.0,71.0,-1182.0,207.0
6.390136999999999,2232998.0,227.0,15.0,-10874.0,244.0,-546.0,341.0
6.400383,2232999.0,295.0,111.0,-10885.0,-308.0,532.0,473.0
6.410325,2200510.0,186.0,19.0,-10645.0,-729.0,1764.0,527.0
6.420183,2160019.0,-137.0,-157.0,-10391.0,-938.0,2344.0,581.0
6.430320999999999,2111556.0,-443.0,-356.0,-10083.0,-802.0,2403.0,628.0
6.440151,2055759.0,-733.0,-501.0,-9786.0,-353.0,2066.0,685.0
6.450396999999999,2055758.0,-893.0,-502.0,-9393.0,255.0,1554.0,743.0
6.460343,1993655.0,-937.0,-615.0,-9047.0,814.0,847.0,802.0
6.470331,1925996.0,-773.0,-471.0,-8568.0,1232.0,471.0,877.0
6.4801839999999995,1853665.0,-533.0,-310.0,-8505.0,1537.0,312.0,961.0
6.490430999999999,1777116.0,-185.0,-168.0,-8192.0,1599.0,-114.0,1026.0
6.500100999999999,1777117.0,-104.0,-94.0,-8221.0,1495.0,-2344.0,1108.0
6.510425,1696782.0,240.0,125.0,-7312.0,1121.0,713.0,1072.0
6.520137999999999,1612571.0,395.0,108.0,-7035.0,713.0,383.0,1097.0
6.530358999999999,1523606.0,247.0,98.0,-6657.0,327.0,1092.0,1104.0
6.5402049999999985,1430281.0,224.0,93.0,-6226.0,-63.0,1125.0,1142.0
6.550476999999999,1430280.0,41.0,17.0,-5829.0,-317.0,1171.0,1191.0
6.560029999999999,1333841.0,-19.0,-65.0,-5402.0,-443.0,1140.0,1234.0
6.570527,1235514.0,-134.0,-160.0,-5017.0,-441.0,956.0,1317.0
6.580155999999999,1137051.0,-225.0,-184.0,-4723.0,-365.0,1029.0,1382.0
6.590539,1041000.0,-237.0,-207.0,-4382.0,-127.0,539.0,1468.0
6.600216,1041001.0,-258.0,-268.0,-4166.0,136.0,43.0,1541.0
6.610327,952470.0,-249.0,-268.0,-4025.0,430.0,-321.0,1614.0
6.620199999999999,880033.0,-250.0,-256.0,-4089.0,725.0,-649.0,1689.0
6.6304549999999995,833810.0,-194.0,-249.0,-4424.0,1014.0,-988.0,1773.0
6.640262,828563.0,-154.0,-223.0,-4854.0,1247.0,-1322.0,1837.0
6.650421,828562.0,-66.0,-225.0,-5249.0,1459.0,-1695.0,1895.0
6.659944999999999,881419.0,-17.0,-152.0,-5602.0,1628.0,-1912.0,1951.0
6.6705749999999995,975106.0,59.0,-18.0,-5948.0,1558.0,-2193.0,1997.0
6.679986999999999,1069687.0,114.0,10.0,-6266.0,1348.0,-2231.0,2032.0
6.690584999999999,1155750.0,123.0,65.0,-6652.0,1050.0,-2015.0,2059.0
6.700006999999999,1155751.0,121.0,120.0,-6946.0,656.0,-1456.0,2080.0
6.710497,1236690.0,101.0,147.0,-7230.0,187.0,-888.0,2100.0
6.720008,1314801.0,-11.0,63.0,-7577.0,-242.0,-119.0,2115.0
6.7305209999999995,1390920.0,-111.0,-66.0,-7793.0,-481.0,-140.0,2166.0
6.740072,1464745.0,73.0,-178.0,-6765.0,-744.0,-11.0,2187.0
6.750453,1464744.0,-401.0,-313.0,-8579.0,-703.0,-551.0,2208.0
6.760076,1536573.0,-572.0,-439.0,-8493.0,-438.0,-860.0,2225.0
6.7703929999999986,1606988.0,-482.0,-466.0,-8883.0,8.0,-1101.0,2226.0
6.780123999999999,1675229.0,-479.0,-474.0,-9166.0,504.0,-1156.0,2224.0
6.7903829999999985,1739270.0,-355.0,-457.0,-9365.0,955.0,-1282.0,2219.0
6.80026,1739271.0,-217.0,-290.0,-9578.0,1230.0,-1218.0,2219.0
6.8102149999999995,1798444.0,-130.0,-186.0,-9791.0,1265.0,-1004.0,2225.0
6.820354999999999,1852125.0,-76.0,-35.0,-9955.0,1159.0,-530.0,2218.0
6.83014,1899878.0,-142.0,117.0,-10122.0,800.0,-170.0,2205.0
6.840392999999999,1941435.0,-215.0,174.0,-10235.0,141.0,97.0,2186.0
6.850128,1941434.0,-346.0,118.0,-10331.0,-334.0,276.0,2162.0
6.860441,1976591.0,-488.0,40.0,-10364.0,-724.0,271.0,2146.0
6.870104999999999,2004878.0,-569.0,-155.0,-10401.0,-959.0,119.0,2138.0
6.880452999999999,2025973.0,-637.0,-334.0,-10396.0,-886.0,-99.0,2111.0
6.890079999999999,2025972.0,-579.0,-439.0,-10375.0,-611.0,-351.0,2079.0
6.900454,2039511.0,-451.0,-537.0,-10328.0,-212.0,-504.0,2033.0
6.910136999999999,2045338.0,-348.0,-560.0,-10265.0,304.0,-468.0,1970.0
6.920366999999999,2042927.0,-211.0,-422.0,-10187.0,839.0,-249.0,1904.0
6.9301639999999995,2030768.0,-148.0,-315.0,-10037.0,1054.0,77.0,1839.0
6.940360999999999,2009937.0,-120.0,-120.0,-9921.0,1111.0,410.0,1768.0
6.950172,2009936.0,-167.0,55.0,-9782.0,893.0,704.0,1722.0
6.960362999999999,1982267.0,-290.0,108.0,-9621.0,487.0,860.0,1680.0
6.970120999999999,1949496.0,-363.0,134.0,-9441.0,35.0,889.0,1660.0
6.980385,1912115.0,-477.0,134.0,-9242.0,-403.0,876.0,1647.0
6.990155,1912114.0,-478.0,42.0,-9013.0,-759.0,758.0,1614.0
7.000390999999999,1870213.0,-417.0,-143.0,-8824.0,-990.0,602.0,1590.0
7.0102709999999995,1824568.0,-309.0,-255.0,-8432.0,-1046.0,888.0,1548.0
7.020379,1775531.0,-243.0,-373.0,-8330.0,-908.0,942.0,1497.0
7.030168,1723760.0,-119.0,-459.0,-8099.0,-571.0,927.0,1449.0
7.040462999999999,1669499.0,22.0,-444.0,-7888.0,-186.0,1016.0,1386.0
7.050137999999999,1669498.0,-55.0,-376.0,-7814.0,158.0,338.0,1363.0
7.060373,1612969.0,130.0,-370.0,-7301.0,436.0,1012.0,1285.0
7.070278999999999,1554718.0,32.0,-235.0,-7106.0,659.0,1100.0,1236.0
7.080314999999999,1495333.0,-56.0,-96.0,-7022.0,622.0,1172.0,1189.0
7.090268999999999,1495332.0,-76.0,-19.0,-6674.0,447.0,1190.0,1159.0
7.100315,1435799.0,-112.0,60.0,-6466.0,190.0,1112.0,1133.0
7.110272999999999,1377856.0,-147.0,119.0,-6298.0,-152.0,961.0,1113.0
7.120462999999999,1322879.0,-181.0,138.0,-6130.0,-537.0,701.0,1099.0
7.130096999999999,1272450.0,-130.0,74.0,-5983.0,-881.0,507.0,1085.0
7.140438999999999,1272451.0,-94.0,25.0,-5870.0,-1144.0,358.0,1060.0
7.150062,1228380.0,-84.0,-28.0,-5817.0,-1303.0,185.0,1043.0
7.160463,1193073.0,-33.0,-133.0,-5808.0,-1367.0,51.0,1011.0
7.1701,1168886.0,7.0,-242.0,-5839.0,-1254.0,21.0,983.0
7.180380999999999,1158449.0,16.0,-289.0,-6016.0,-1027.0,4.0,950.0
7.190137,1158448.0,33.0,-343.0,-6193.0,-715.0,-47.0,924.0
7.2003889999999995,1166281.0,-15.0,-388.0,-6367.0,-358.0,-71.0,892.0
7.210205,1195900.0,-60.0,-392.0,-6538.0,7.0,-88.0,863.0
7.220293,1238901.0,-94.0,-316.0,-6747.0,325.0,-73.0,829.0
7.230295,1284662.0,-143.0,-235.0,-6891.0,515.0,78.0,789.0
7.240243999999999,1284663.0,-205.0,-163.0,-7138.0,562.0,225.0,755.0
7.250302999999999,1330562.0,-199.0,-56.0,-7332.0,448.0,209.0,728.0
7.260228,1376777.0,-254.0,39.0,-7573.0,172.0,199.0,703.0
7.270292999999999,1423234.0,-258.0,112.0,-7779.0,-195.0,-180.0,692.0
7.280239,1470247.0,-12.0,95.0,-7806.0,-703.0,-149.0,667.0
7.290312999999999,1470246.0,-270.0,26.0,-8263.0,-1033.0,-222.0,625.0
7.3002389999999995,1517669.0,-228.0,-74.0,-8279.0,-1413.0,-174.0,578.0
7.310310999999999,1564754.0,-218.0,-215.0,-8468.0,-1506.0,-221.0,528.0
7.320241999999999,1611131.0,-224.0,-312.0,-8635.0,-1320.0,-57.0,472.0
7.330326999999999,1656108.0,-255.0,-415.0,-8827.0,-966.0,240.0,408.0
7.340221,1656109.0,-272.0,-515.0,-8949.0,-518.0,298.0,343.0
7.350327,1698472.0,-311.0,-522.0,-9083.0,-8.0,344.0,282.0
7.3602219999999985,1737519.0,-349.0,-418.0,-9205.0,411.0,334.0,219.0
7.370341,1772902.0,-376.0,-316.0,-9317.0,688.0,264.0,128.0
7.380196999999999,1804357.0,-399.0,-185.0,-9415.0,794.0,160.0,64.0
7.390357,1804356.0,-395.0,-11.0,-9510.0,593.0,85.0,3.0
7.400169999999999,1831315.0,-380.0,58.0,-9581.0,246.0,43.0,-49.0
7.410454999999999,1853554.0,-342.0,109.0,-9622.0,-179.0,36.0,-99.0
7.420090999999999,1870947.0,-326.0,120.0,-9660.0,-641.0,76.0,-139.0
7.4304929999999985,1883358.0,-299.0,-29.0,-9647.0,-991.0,138.0,-189.0
7.440128999999999,1883359.0,-298.0,-178.0,-9625.0,-1140.0,217.0,-240.0
7.450493,1890738.0,-309.0,-319.0,-9574.0,-1101.0,306.0,-324.0
7.460123999999999,1892373.0,-346.0,-451.0,-9500.0,-851.0,344.0,-397.0
7.470410999999999,1887906.0,-354.0,-522.0,-9409.0,-289.0,359.0,-476.0
7.480222999999999,1876915.0,-369.0,-500.0,-9329.0,192.0,340.0,-550.0
7.490413,1876914.0,-392.0,-485.0,-9195.0,624.0,283.0,-613.0
7.500159999999999,1860125.0,-384.0,-361.0,-9100.0,959.0,227.0,-672.0
7.510460999999999,1838928.0,-346.0,-180.0,-9002.0,1065.0,169.0,-715.0
7.520059,1814403.0,-329.0,-65.0,-8886.0,975.0,137.0,-739.0
7.530441,1786960.0,-288.0,43.0,-8775.0,758.0,262.0,-778.0
7.540198,1786961.0,-265.0,108.0,-8628.0,374.0,284.0,-797.0
7.5504419999999985,1756752.0,-201.0,101.0,-8472.0,-157.0,333.0,-821.0
7.560174999999999,1724499.0,-208.0,21.0,-8323.0,-505.0,376.0,-852.0
7.570456999999999,1690122.0,-224.0,-60.0,-8124.0,-723.0,401.0,-880.0
7.580086999999999,1653909.0,-229.0,-197.0,-7879.0,-791.0,458.0,-905.0
7.590639999999999,1653908.0,-230.0,-334.0,-7808.0,-682.0,624.0,-931.0
7.60013,1616657.0,-228.0,-408.0,-7638.0,-407.0,557.0,-950.0
7.610659,1578796.0,-213.0,-449.0,-7487.0,-39.0,439.0,-975.0
7.620113,1540633.0,-193.0,-464.0,-7317.0,368.0,316.0,-990.0
7.630526,1502956.0,-178.0,-400.0,-7213.0,853.0,248.0,-1007.0
7.640236,1502957.0,-151.0,-306.0,-7105.0,1105.0,155.0,-1016.0
7.650523,1466720.0,-125.0,-200.0,-6981.0,1226.0,53.0,-1024.0
7.660233,1432883.0,-148.0,-113.0,-6958.0,1229.0,-377.0,-1029.0
7.670539,1402462.0,-67.0,0.0,-6792.0,1057.0,-221.0,-1039.0
7.680017999999999,1376391.0,-102.0,73.0,-6764.0,770.0,-284.0,-1042.0
7.6897449999999985,1376390.0,-99.0,91.0,-6742.0,442.0,-287.0,-1046.0
7.700011,1355459.0,-104.0,88.0,-6720.0,94.0,-313.0,-1046.0
7.709762999999999,1340662.0,-117.0,50.0,-6738.0,-226.0,-364.0,-1047.0
7.7197189999999996,1332839.0,-131.0,-41.0,-6780.0,-455.0,-533.0,-1044.0
7.7300119999999986,1333130.0,-136.0,-134.0,-6848.0,-549.0,-665.0,-1045.0
7.739739,1333131.0,-140.0,-240.0,-6945.0,-466.0,-744.0,-1044.0
7.749844999999999,1343486.0,-151.0,-322.0,-7082.0,-260.0,-818.0,-1053.0
7.759710999999999,1363721.0,-135.0,-419.0,-7190.0,68.0,-936.0,-1067.0
7.769933,1389282.0,-146.0,-421.0,-7300.0,464.0,-992.0,-1084.0
7.779784999999999,1416977.0,-138.0,-407.0,-7410.0,835.0,-993.0,-1104.0
7.789788999999999,1416976.0,-138.0,-347.0,-7531.0,1142.0,-905.0,-1117.0
7.799954999999999,1445681.0,-139.0,-254.0,-7649.0,1334.0,-607.0,-1130.0
7.809740999999999,1475246.0,-161.0,-141.0,-7804.0,1384.0,-704.0,-1125.0
7.819956999999999,1505339.0,-283.0,11.0,-8022.0,1179.0,-1222.0,-1114.0
7.8298169999999985,1535974.0,-275.0,49.0,-7997.0,860.0,-795.0,-1125.0
7.839824999999999,1535975.0,-259.0,112.0,-8199.0,428.0,-728.0,-1128.0
7.849922999999999,1566634.0,-248.0,89.0,-8361.0,-11.0,-697.0,-1128.0
7.860590999999999,1597249.0,-240.0,27.0,-8428.0,-422.0,-709.0,-1136.0
7.869964999999999,1627236.0,-246.0,-81.0,-8543.0,-614.0,-711.0,-1140.0
7.880642999999999,1655835.0,-251.0,-232.0,-8644.0,-673.0,-737.0,-1149.0
7.889975,1655834.0,-235.0,-363.0,-8705.0,-501.0,-713.0,-1163.0
7.900625,1682399.0,-212.0,-466.0,-8788.0,-142.0,-613.0,-1181.0
7.9099509999999995,1706568.0,-231.0,-496.0,-8872.0,279.0,-533.0,-1208.0
7.920608999999999,1728267.0,-226.0,-455.0,-8912.0,692.0,-463.0,-1248.0
7.929986999999999,1747262.0,-276.0,-367.0,-8990.0,1061.0,-357.0,-1274.0
7.940567,1747263.0,-287.0,-232.0,-9043.0,1261.0,-293.0,-1302.0
7.950101999999999,1763234.0,-319.0,-108.0,-9080.0,1254.0,-292.0,-1316.0
7.960509,1775843.0,-321.0,3.0,-9104.0,996.0,-305.0,-1317.0
7.970137999999999,1785082.0,-322.0,101.0,-9110.0,612.0,-339.0,-1306.0
7.980459,1790731.0,-314.0,114.0,-9104.0,156.0,-366.0,-1293.0
7.990096999999999,1790730.0,-304.0,74.0,-9076.0,-264.0,-375.0,-1277.0
8.000553,1792483.0,-268.0,-28.0,-9025.0,-585.0,-343.0,-1273.0
8.010166,1790104.0,-232.0,-150.0,-8946.0,-749.0,-281.0,-1267.0
8.020520999999999,1783135.0,-213.0,-287.0,-8882.0,-707.0,-130.0,-1276.0
8.030177,1771998.0,-212.0,-402.0,-8809.0,-482.0,-8.0,-1287.0
8.040479,1771999.0,-210.0,-454.0,-8726.0,-41.0,82.0,-1299.0
8.050053,1757506.0,-211.0,-475.0,-8651.0,383.0,150.0,-1294.0
8.059709,1740541.0,-245.0,-424.0,-8566.0,755.0,189.0,-1292.0
8.07002,1721786.0,-253.0,-328.0,-8476.0,1001.0,224.0,-1288.0
8.079749,1721787.0,-268.0,-212.0,-8378.0,1090.0,199.0,-1274.0
8.089970999999998,1701380.0,-266.0,-45.0,-8307.0,1014.0,167.0,-1259.0
8.099765,1679459.0,-241.0,49.0,-8131.0,745.0,247.0,-1240.0
8.109705,1656448.0,-199.0,112.0,-8125.0,369.0,364.0,-1212.0
8.119874999999999,1632991.0,-173.0,120.0,-8033.0,-50.0,343.0,-1188.0
8.129897,1632990.0,-140.0,76.0,-7930.0,-541.0,341.0,-1164.0
8.139864999999999,1608851.0,-119.0,0.0,-7807.0,-830.0,372.0,-1144.0
8.149877,1584288.0,-70.0,-117.0,-7711.0,-967.0,394.0,-1126.0
8.159873,1560015.0,-72.0,-221.0,-7608.0,-942.0,406.0,-1106.0
8.169671,1536558.0,-87.0,-308.0,-7505.0,-782.0,402.0,-1093.0
8.179858999999999,1536559.0,-94.0,-392.0,-7419.0,-494.0,419.0,-1067.0
8.189713,1514456.0,-74.0,-413.0,-7376.0,-146.0,418.0,-1056.0
8.199859,1494369.0,-120.0,-366.0,-7317.0,203.0,360.0,-1035.0
8.209909,1476750.0,-127.0,-319.0,-7292.0,487.0,280.0,-1015.0
8.219852999999999,1461863.0,-130.0,-249.0,-7274.0,692.0,203.0,-989.0
8.229906999999999,1461862.0,-137.0,-123.0,-7247.0,697.0,95.0,-958.0
8.240639,1450379.0,-120.0,3.0,-7263.0,546.0,14.0,-921.0
8.250102,1442890.0,-94.0,68.0,-7284.0,275.0,-44.0,-893.0
8.259687,1439457.0,-77.0,110.0,-7336.0,-88.0,-90.0,-854.0
8.269841,1440660.0,-50.0,119.0,-7376.0,-489.0,-131.0,-805.0
8.279793,1440661.0,-66.0,62.0,-7460.0,-860.0,-167.0,-767.0
8.289976999999999,1447522.0,-66.0,-25.0,-7509.0,-1182.0,-158.0,-729.0
8.299788999999999,1459741.0,-87.0,-131.0,-7575.0,-1290.0,-157.0,-688.0
8.309735,1475492.0,-129.0,-239.0,-7631.0,-1235.0,-146.0,-652.0
8.320025999999999,1493027.0,-165.0,-377.0,-7711.0,-1021.0,-152.0,-614.0
8.329678999999999,1493026.0,-187.0,-405.0,-7791.0,-696.0,-172.0,-574.0
8.339839,1511389.0,-193.0,-445.0,-7867.0,-313.0,-236.0,-537.0
8.349908999999998,1530302.0,-238.0,-414.0,-7941.0,66.0,-282.0,-490.0
8.359879,1549803.0,-234.0,-350.0,-8128.0,335.0,-63.0,-459.0
8.369909,1569332.0,-210.0,-223.0,-8115.0,492.0,-69.0,-423.0
8.380643,1569333.0,-191.0,-83.0,-8228.0,451.0,-24.0,-385.0
8.389902999999999,1588746.0,-203.0,-16.0,-8321.0,224.0,-39.0,-333.0
8.399854999999999,1607813.0,-187.0,76.0,-8371.0,-128.0,24.0,-287.0
8.409737,1626232.0,-190.0,90.0,-8477.0,-560.0,108.0,-240.0
8.419851,1643523.0,-210.0,51.0,-8504.0,-964.0,150.0,-182.0
8.429749,1643522.0,-238.0,-27.0,-8555.0,-1279.0,195.0,-119.0
8.439793,1659531.0,-264.0,-141.0,-8586.0,-1438.0,212.0,-73.0
8.449751,1674006.0,-296.0,-264.0,-8605.0,-1407.0,213.0,-28.0
8.459849,1686903.0,-309.0,-390.0,-8631.0,-1134.0,190.0,12.0
8.469733,1697882.0,-309.0,-463.0,-8655.0,-760.0,162.0,41.0
8.48002,1697883.0,-305.0,-494.0,-8662.0,-326.0,149.0,74.0
8.490547,1706694.0,-286.0,-448.0,-8690.0,88.0,146.0,110.0
8.500162999999999,1713379.0,-265.0,-341.0,-8699.0,406.0,173.0,146.0
8.510599,1717538.0,-237.0,-218.0,-8700.0,566.0,221.0,182.0
8.519950999999999,1719313.0,-262.0,-108.0,-8707.0,538.0,268.0,225.0
8.529670999999999,1719312.0,-244.0,17.0,-8683.0,323.0,318.0,276.0
8.539949,1718551.0,-261.0,90.0,-8653.0,-110.0,358.0,328.0
8.549793,1714776.0,-293.0,92.0,-8608.0,-512.0,375.0,379.0
8.559997,1708131.0,-300.0,65.0,-8552.0,-883.0,374.0,432.0
8.569752999999999,1698982.0,-313.0,-15.0,-8474.0,-1147.0,354.0,485.0
8.579804999999999,1698983.0,-311.0,-196.0,-8440.0,-1247.0,323.0,531.0
8.589951,1687892.0,-292.0,-297.0,-8374.0,-1163.0,293.0,586.0
8.599805,1675293.0,-274.0,-379.0,-8288.0,-926.0,262.0,623.0
8.609744999999998,1661894.0,-258.0,-454.0,-8242.0,-560.0,265.0,655.0
8.620009999999999,1647849.0,-240.0,-459.0,-8172.0,-33.0,271.0,684.0
8.629741,1647848.0,-219.0,-401.0,-8102.0,351.0,297.0,715.0
8.639878999999999,1633047.0,-211.0,-333.0,-8024.0,630.0,339.0,735.0
8.649761,1618074.0,-224.0,-220.0,-7983.0,767.0,360.0,774.0
8.660646999999999,1602883.0,-224.0,-80.0,-7941.0,738.0,358.0,822.0
8.669937,1587828.0,-238.0,-9.0,-7899.0,544.0,354.0,867.0
8.679729,1587829.0,-252.0,57.0,-7848.0,241.0,318.0,916.0
8.689910999999999,1573248.0,-270.0,97.0,-7801.0,-124.0,245.0,969.0
8.699731,1559423.0,-262.0,52.0,-7767.0,-561.0,183.0,1020.0
8.709914999999999,1546646.0,-249.0,-17.0,-7707.0,-818.0,125.0,1061.0
8.719695,1535083.0,-233.0,-127.0,-7661.0,-934.0,82.0,1103.0
8.729840999999999,1535082.0,-219.0,-252.0,-7632.0,-901.0,44.0,1136.0
8.739733,1525041.0,-199.0,-352.0,-7590.0,-703.0,32.0,1164.0
8.75001,1517052.0,-193.0,-413.0,-7594.0,-398.0,25.0,1190.0
8.759775,1511111.0,-197.0,-451.0,-7572.0,-15.0,29.0,1211.0
8.770007,1507340.0,-200.0,-421.0,-7581.0,378.0,6.0,1228.0
8.780643,1507341.0,-194.0,-347.0,-7621.0,793.0,-23.0,1245.0
8.789964999999999,1505898.0,-209.0,-277.0,-7647.0,1000.0,-47.0,1266.0
8.800654999999999,1507129.0,-218.0,-135.0,-7703.0,1051.0,-84.0,1291.0
8.809902999999998,1511608.0,-213.0,-51.0,-7749.0,942.0,-136.0,1309.0
8.819711,1519239.0,-239.0,23.0,-7796.0,696.0,-189.0,1333.0
8.829842999999999,1519238.0,-232.0,77.0,-7858.0,359.0,-246.0,1370.0
8.839822999999999,1528881.0,-222.0,76.0,-7893.0,-14.0,-289.0,1397.0
8.849775,1539886.0,-226.0,35.0,-7938.0,-352.0,-326.0,1420.0
8.859860999999999,1551681.0,-208.0,-46.0,-7972.0,-626.0,-327.0,1440.0
8.869919,1563620.0,-225.0,-179.0,-8020.0,-679.0,-319.0,1450.0
8.879724999999999,1563621.0,-215.0,-274.0,-8079.0,-558.0,-310.0,1457.0
8.889764999999999,1575966.0,-231.0,-400.0,-8114.0,-292.0,-297.0,1454.0
8.899811,1587957.0,-246.0,-471.0,-8154.0,78.0,-274.0,1441.0
8.909775,1599728.0,-231.0,-468.0,-8188.0,489.0,-285.0,1433.0
8.919829,1611021.0,-267.0,-397.0,-8234.0,875.0,-306.0,1421.0
8.929837,1611020.0,-261.0,-323.0,-8276.0,1153.0,-343.0,1413.0
8.939775,1621557.0,-268.0,-204.0,-8326.0,1282.0,-371.0,1407.0
8.949793,1631534.0,-252.0,-104.0,-8363.0,1190.0,-390.0,1400.0
8.959836999999998,1640509.0,-240.0,9.0,-8399.0,941.0,-398.0,1396.0
8.969781,1648458.0,-236.0,64.0,-8412.0,580.0,-393.0,1395.0
8.979837,1648459.0,-235.0,83.0,-8440.0,181.0,-369.0,1392.0
8.989704999999999,1655318.0,-229.0,26.0,-8459.0,-191.0,-344.0,1386.0
8.999818999999999,1660723.0,-241.0,-77.0,-8450.0,-443.0,-313.0,1365.0
9.009815,1664976.0,-235.0,-194.0,-8445.0,-545.0,-281.0,1348.0
9.019781,1664977.0,-255.0,-290.0,-8439.0,-476.0,-277.0,1324.0
9.029817,1667792.0,-254.0,-395.0,-8419.0,-159.0,-276.0,1284.0
9.039781,1669217.0,-263.0,-453.0,-8393.0,213.0,-295.0,1248.0
9.049698999999999,1668956.0,-266.0,-463.0,-8370.0,615.0,-315.0,1204.0
9.059937,1666873.0,-252.0,-390.0,-8353.0,982.0,-334.0,1164.0
9.069719,1666872.0,-234.0,-307.0,-8349.0,1236.0,-344.0,1118.0
9.079918999999999,1663197.0,-224.0,-201.0,-8324.0,1336.0,-343.0,1075.0
9.089773,1657718.0,-216.0,-83.0,-8298.0,1252.0,-322.0,1034.0
9.100010999999999,1650783.0,-195.0,11.0,-8276.0,939.0,-267.0,1004.0
9.110576,1643168.0,-200.0,102.0,-8236.0,567.0,-238.0,980.0
9.120047,1643169.0,-227.0,89.0,-8204.0,167.0,-194.0,944.0
9.130573,1635054.0,-233.0,21.0,-8168.0,-197.0,-176.0,910.0
9.140061,1626535.0,-212.0,-54.0,-8125.0,-456.0,-163.0,875.0
9.150630999999999,1617784.0,-214.0,-162.0,-8067.0,-572.0,-161.0,837.0
9.160129999999999,1608951.0,-242.0,-276.0,-8028.0,-514.0,-183.0,797.0
9.170418999999999,1600134.0,-239.0,-372.0,-7974.0,-238.0,-199.0,752.0
9.180202,1600135.0,-217.0,-408.0,-7949.0,104.0,-215.0,701.0
9.19043,1591876.0,-200.0,-438.0,-7918.0,497.0,-221.0,656.0
9.200121999999999,1584217.0,-189.0,-407.0,-7926.0,814.0,-114.0,601.0
9.210531,1577060.0,-168.0,-308.0,-7890.0,1049.0,-122.0,534.0
9.220108,1577061.0,-147.0,-195.0,-7888.0,1150.0,-118.0,494.0
9.2305,1570700.0,-143.0,-77.0,-7895.0,1105.0,-133.0,448.0
9.240056999999998,1565111.0,-154.0,7.0,-7891.0,902.0,-108.0,410.0
9.250585,1560508.0,-148.0,81.0,-7878.0,490.0,-120.0,371.0
9.260041999999999,1557171.0,-170.0,94.0,-7874.0,91.0,-130.0,332.0
9.270566,1555220.0,-185.0,39.0,-7854.0,-290.0,-144.0,298.0
9.280054999999999,1555221.0,-173.0,8.0,-7854.0,-589.0,-158.0,258.0
9.290473,1554324.0,-196.0,-115.0,-7872.0,-755.0,-175.0,209.0
9.300277,1554915.0,-194.0,-236.0,-7888.0,-767.0,-190.0,160.0
9.310445,1557036.0,-178.0,-348.0,-7893.0,-624.0,-189.0,107.0
9.320108,1557037.0,-155.0,-384.0,-7927.0,-358.0,-184.0,55.0
9.330408999999998,1560734.0,-153.0,-445.0,-7935.0,85.0,-167.0,-4.0
9.340110999999998,1565781.0,-155.0,-425.0,-7957.0,437.0,-149.0,-58.0
9.350419,1571866.0,-154.0,-352.0,-8022.0,715.0,-121.0,-109.0
9.360114999999999,1578395.0,-154.0,-265.0,-8012.0,878.0,-92.0,-160.0
9.370425,1578394.0,-177.0,-132.0,-8072.0,873.0,2.0,-220.0
9.380187999999999,1585353.0,-186.0,-15.0,-8122.0,703.0,24.0,-261.0
9.390344999999998,1592270.0,-215.0,49.0,-8142.0,402.0,12.0,-300.0
9.400248,1598931.0,-206.0,92.0,-8161.0,24.0,24.0,-329.0
9.410271,1605570.0,-205.0,70.0,-8202.0,-478.0,-5.0,-363.0
9.420273,1605571.0,-221.0,8.0,-8214.0,-806.0,1.0,-402.0
9.430328999999999,1611442.0,-203.0,-93.0,-8225.0,-1006.0,9.0,-429.0
9.440339,1616877.0,-191.0,-224.0,-8223.0,-1048.0,33.0,-468.0
9.450286999999998,1621602.0,-170.0,-321.0,-8233.0,-918.0,76.0,-517.0
9.460254999999998,1625655.0,-176.0,-411.0,-8229.0,-661.0,122.0,-569.0
9.470242,1625654.0,-180.0,-448.0,-8242.0,-307.0,173.0,-616.0
9.480395,1629113.0,-190.0,-437.0,-8246.0,63.0,224.0,-669.0
9.490142999999998,1631978.0,-203.0,-389.0,-8247.0,380.0,259.0,-715.0
9.500496999999998,1634113.0,-227.0,-264.0,-8258.0,619.0,271.0,-753.0
9.510139999999998,1635340.0,-243.0,-170.0,-8281.0,631.0,274.0,-779.0
9.520414,1635341.0,-240.0,-19.0,-8270.0,486.0,256.0,-809.0
9.530222999999998,1635736.0,-253.0,42.0,-8276.0,198.0,241.0,-830.0
9.540398999999999,1635437.0,-239.0,73.0,-8262.0,-181.0,223.0,-846.0
9.550181,1634078.0,-220.0,57.0,-8261.0,-573.0,222.0,-863.0
9.560429000000001,1631533.0,-192.0,5.0,-8234.0,-915.0,232.0,-879.0
9.570330999999998,1631532.0,-188.0,-84.0,-8200.0,-1187.0,263.0,-895.0
9.580398999999998,1628179.0,-197.0,-196.0,-8156.0,-1233.0,296.0,-917.0
9.590317,1624192.0,-196.0,-292.0,-8133.0,-1115.0,345.0,-942.0
9.600273,1619657.0,-187.0,-384.0,-8109.0,-855.0,387.0,-964.0
9.610279,1614872.0,-196.0,-435.0,-8089.0,-509.0,413.0,-993.0
9.620254999999998,1614873.0,-222.0,-426.0,-8071.0,-135.0,427.0,-1023.0
9.630467999999999,1610374.0,-240.0,-372.0,-8064.0,196.0,408.0,-1042.0
9.640081999999998,1605785.0,-246.0,-289.0,-8050.0,426.0,379.0,-1053.0
9.650373,1601176.0,-258.0,-183.0,-8047.0,501.0,340.0,-1060.0
9.660192,1596895.0,-254.0,-71.0,-8045.0,391.0,297.0,-1061.0
9.670558999999999,1596894.0,-224.0,11.0,-8036.0,136.0,268.0,-1055.0
9.680161,1592927.0,-204.0,72.0,-8034.0,-217.0,248.0,-1044.0
9.690382999999999,1589414.0,-193.0,87.0,-8012.0,-589.0,248.0,-1033.0
9.700154,1586399.0,-196.0,23.0,-8022.0,-924.0,257.0,-1014.0
9.710392999999998,1583978.0,-204.0,-63.0,-7998.0,-1176.0,282.0,-1005.0
9.720127,1583979.0,-214.0,-182.0,-7986.0,-1280.0,303.0,-1002.0
9.730595,1582126.0,-203.0,-275.0,-7978.0,-1181.0,316.0,-997.0
9.739935000000001,1580971.0,-228.0,-362.0,-7972.0,-1016.0,331.0,-990.0
9.750521,1580452.0,-240.0,-442.0,-7970.0,-597.0,319.0,-990.0
9.760218,1580615.0,-260.0,-448.0,-7980.0,-205.0,290.0,-984.0
9.770473,1580614.0,-255.0,-390.0,-8002.0,147.0,250.0,-971.0
9.780119000000001,1581569.0,-252.0,-315.0,-8002.0,420.0,209.0,-969.0
9.790414,1583282.0,-260.0,-223.0,-8025.0,555.0,158.0,-946.0
9.800329,1585769.0,-249.0,-108.0,-8061.0,534.0,130.0,-920.0
9.810404999999998,1588520.0,-233.0,-16.0,-8074.0,291.0,116.0,-896.0
9.820189000000001,1588521.0,-231.0,45.0,-8096.0,-31.0,108.0,-860.0
9.830350999999999,1591692.0,-229.0,69.0,-8116.0,-397.0,106.0,-832.0
9.840200999999999,1595011.0,-239.0,41.0,-8133.0,-741.0,116.0,-795.0
9.850373,1598432.0,-243.0,-69.0,-8147.0,-994.0,124.0,-760.0
9.860157,1601865.0,-240.0,-153.0,-8139.0,-1117.0,124.0,-730.0
9.870591,1601864.0,-244.0,-277.0,-8141.0,-1074.0,115.0,-693.0
9.879962999999998,1604955.0,-253.0,-361.0,-8135.0,-876.0,105.0,-671.0
9.889722999999998,1607650.0,-266.0,-434.0,-8136.0,-554.0,86.0,-650.0
9.900013,1610337.0,-274.0,-452.0,-8125.0,-59.0,50.0,-629.0
9.910471,1612472.0,-266.0,-429.0,-8145.0,322.0,27.0,-606.0
9.920012999999999,1612473.0,-274.0,-357.0,-8163.0,626.0,3.0,-581.0
9.930486999999998,1614028.0,-263.0,-220.0,-8171.0,788.0,-16.0,-548.0
9.939932999999998,1615163.0,-250.0,-124.0,-8186.0,797.0,-26.0,-518.0
9.949785,1616036.0,-261.0,-15.0,-8191.0,640.0,-37.0,-474.0
9.959722999999999,1616331.0,-235.0,40.0,-8204.0,361.0,-42.0,-425.0
9.969889,1616330.0,-241.0,70.0,-8196.0,11.0,-50.0,-375.0
9.979659,1616037.0,-249.0,49.0,-8188.0,-336.0,-62.0,-332.0
9.989880999999999,1615306.0,-263.0,-29.0,-8175.0,-684.0,-69.0,-287.0
