Time,accX,accY,accZ,wx,wy,wz
0.0,-357.0,-112.0,-16151.0,38.0,-32.0,-28.0
0.010489999999999888,-387.0,-105.0,-16137.0,34.0,-30.0,-28.0
0.020014999999999894,-376.0,-112.0,-16162.0,27.0,-32.0,-28.0
0.030427999999999678,-380.0,-122.0,-16213.0,31.0,-33.0,-27.0
0.04008599999999962,-375.0,-138.0,-16251.0,33.0,-36.0,-31.0
0.05043600000000037,-343.0,-162.0,-16203.0,38.0,-31.0,-33.0
0.06064999999999987,-321.0,-173.0,-16145.0,38.0,-34.0,-29.0
0.07069399999999959,-273.0,-200.0,-16152.0,36.0,-32.0,-29.0
0.08049399999999984,-311.0,-216.0,-16130.0,32.0,-30.0,-28.0
0.08982199999999985,-342.0,-191.0,-16163.0,31.0,-32.0,-27.0
0.10066600000000037,-292.0,-201.0,-16210.0,32.0,-31.0,-28.0
0.10985599999999973,-314.0,-159.0,-16213.0,34.0,-33.0,-26.0
0.12045800000000018,-383.0,-178.0,-16224.0,35.0,-40.0,-29.0
0.13004499999999997,-384.0,-132.0,-16166.0,39.0,-32.0,-24.0
0.14046999999999965,-380.0,-96.0,-16126.0,29.0,-32.0,-28.0
0.15002199999999988,-414.0,-116.0,-16132.0,36.0,-36.0,-33.0
0.16049399999999991,-400.0,-135.0,-16187.0,29.0,-33.0,-29.0
0.17003199999999996,-396.0,-103.0,-16235.0,25.0,-33.0,-30.0
0.18050199999999972,-401.0,-95.0,-16205.0,34.0,-31.0,-29.0
0.19005700000000036,-398.0,-106.0,-16177.0,37.0,-33.0,-31.0
0.2004999999999999,-334.0,-168.0,-16181.0,38.0,-30.0,-29.0
0.20990999999999982,-364.0,-160.0,-16177.0,40.0,-32.0,-33.0
0.220472,-318.0,-161.0,-16147.0,33.0,-31.0,-30.0
0.22992599999999985,-307.0,-192.0,-16170.0,26.0,-27.0,-31.0
0.24057200000000023,-282.0,-201.0,-16203.0,29.0,-33.0,-33.0
0.2499419999999999,-282.0,-181.0,-16207.0,35.0,-34.0,-22.0
0.2605719999999998,-337.0,-186.0,-16193.0,37.0,-34.0,-24.0
0.26985999999999954,-323.0,-181.0,-16161.0,37.0,-30.0,-26.0
0.2805460000000002,-329.0,-162.0,-16142.0,40.0,-37.0,-25.0
0.2899339999999997,-410.0,-151.0,-16143.0,32.0,-35.0,-26.0
0.30048600000000025,-386.0,-145.0,-16170.0,28.0,-37.0,-28.0
0.31005899999999986,-431.0,-118.0,-16169.0,33.0,-35.0,-27.0
0.32045999999999975,-372.0,-83.0,-16227.0,30.0,-37.0,-30.0
0.33005499999999977,-420.0,-106.0,-16216.0,36.0,-31.0,-27.0
0.3404619999999996,-403.0,-125.0,-16182.0,37.0,-28.0,-32.0
0.3500740000000002,-397.0,-123.0,-16161.0,37.0,-30.0,-28.0
0.36046599999999973,-369.0,-131.0,-16120.0,33.0,-33.0,-32.0
0.37005100000000013,-333.0,-173.0,-16149.0,34.0,-35.0,-31.0
0.3803239999999999,-333.0,-143.0,-16194.0,28.0,-32.0,-31.0
0.39006899999999955,-284.0,-182.0,-16209.0,26.0,-33.0,-30.0
0.4002619999999997,-294.0,-143.0,-16208.0,39.0,-33.0,-29.0
0.41027199999999997,-307.0,-219.0,-16176.0,41.0,-35.0,-29.0
0.4202570000000003,-292.0,-198.0,-16128.0,39.0,-31.0,-25.0
0.43010199999999976,-321.0,-181.0,-16140.0,35.0,-34.0,-27.0
0.44023900000000005,-296.0,-185.0,-16159.0,32.0,-32.0,-28.0
0.4502430000000004,-376.0,-169.0,-16193.0,27.0,-33.0,-24.0
0.46027600000000035,-365.0,-111.0,-16224.0,31.0,-35.0,-30.0
0.47006700000000023,-373.0,-105.0,-16206.0,39.0,-33.0,-29.0
0.4803160000000002,-374.0,-122.0,-16175.0,44.0,-33.0,-29.0
0.4902300000000004,-406.0,-124.0,-16146.0,38.0,-33.0,-26.0
0.500292,-392.0,-147.0,-16126.0,32.0,-35.0,-31.0
0.5100769999999999,-377.0,-149.0,-16144.0,23.0,-32.0,-32.0
0.5204420000000001,-357.0,-112.0,-16208.0,26.0,-32.0,-28.0
0.5300709999999995,-373.0,-160.0,-16237.0,32.0,-34.0,-32.0
0.5404460000000002,-336.0,-134.0,-16187.0,40.0,-33.0,-31.0
0.5500040000000004,-307.0,-147.0,-16190.0,42.0,-31.0,-30.0
0.5603819999999997,-319.0,-172.0,-16150.0,40.0,-33.0,-30.0
0.5701320000000001,-350.0,-138.0,-16125.0,32.0,-35.0,-30.0
0.5804039999999997,-339.0,-124.0,-16146.0,29.0,-33.0,-25.0
0.5901399999999999,-340.0,-160.0,-16191.0,30.0,-34.0,-29.0
0.6003480000000003,-325.0,-146.0,-16242.0,29.0,-30.0,-27.0
0.6101590000000003,-320.0,-148.0,-16235.0,36.0,-30.0,-26.0
0.6203599999999998,-341.0,-156.0,-16213.0,40.0,-32.0,-27.0
0.630007,-337.0,-157.0,-16130.0,35.0,-33.0,-29.0
0.6403540000000003,-347.0,-155.0,-16132.0,27.0,-34.0,-28.0
0.6501929999999998,-389.0,-103.0,-16158.0,25.0,-30.0,-26.0
0.660342,-359.0,-107.0,-16206.0,30.0,-35.0,-28.0
0.670172,-347.0,-91.0,-16222.0,32.0,-31.0,-22.0
0.6803499999999998,-350.0,-132.0,-16205.0,35.0,-34.0,-28.0
0.6901950000000001,-362.0,-170.0,-16181.0,40.0,-31.0,-28.0
0.7002600000000001,-359.0,-144.0,-16125.0,37.0,-33.0,-27.0
0.7101649999999999,-347.0,-156.0,-16121.0,32.0,-36.0,-29.0
0.7203900000000001,-345.0,-146.0,-16159.0,32.0,-36.0,-27.0
0.7301349999999998,-304.0,-173.0,-16212.0,26.0,-32.0,-26.0
0.7402470000000001,-390.0,-144.0,-16247.0,31.0,-34.0,-26.0
0.7502820000000003,-396.0,-138.0,-16209.0,36.0,-36.0,-28.0
0.760059,-407.0,-140.0,-16197.0,44.0,-32.0,-23.0
0.7704599999999999,-395.0,-171.0,-16114.0,37.0,-36.0,-29.0
0.779928,-324.0,-166.0,-16107.0,34.0,-37.0,-28.0
0.7905959999999999,-365.0,-141.0,-16180.0,25.0,-34.0,-27.0
0.7998960000000004,-382.0,-157.0,-16202.0,27.0,-29.0,-27.0
0.8104969999999998,-374.0,-123.0,-16261.0,27.0,-31.0,-27.0
0.8200419999999999,-386.0,-118.0,-16247.0,43.0,-34.0,-29.0
0.8303279999999997,-355.0,-119.0,-16176.0,42.0,-33.0,-28.0
0.8400280000000002,-344.0,-170.0,-16128.0,39.0,-36.0,-31.0
0.8504360000000002,-326.0,-161.0,-16084.0,29.0,-33.0,-23.0
0.8600950000000003,-333.0,-170.0,-16176.0,25.0,-34.0,-26.0
0.8702620000000003,-306.0,-175.0,-16207.0,21.0,-32.0,-27.0
0.880071,-375.0,-153.0,-16247.0,36.0,-33.0,-28.0
0.8902719999999995,-371.0,-139.0,-16246.0,41.0,-32.0,-26.0
0.9002249999999998,-348.0,-148.0,-16176.0,45.0,-36.0,-31.0
0.9101099999999995,-338.0,-148.0,-16118.0,41.0,-35.0,-28.0
0.9204179999999997,-383.0,-153.0,-16105.0,30.0,-30.0,-25.0
0.9298979999999997,-403.0,-174.0,-16157.0,28.0,-33.0,-26.0
0.9404339999999998,-404.0,-139.0,-16193.0,21.0,-31.0,-25.0
0.9499079999999998,-366.0,-146.0,-16245.0,30.0,-35.0,-27.0
0.960623,-345.0,-131.0,-16253.0,44.0,-32.0,-30.0
0.9699140000000002,-389.0,-138.0,-16187.0,44.0,-36.0,-28.0
0.9806099999999995,-353.0,-130.0,-16098.0,43.0,-35.0,-28.0
0.9898600000000002,-367.0,-136.0,-16103.0,30.0,-30.0,-26.0
1.000636,-356.0,-158.0,-16120.0,29.0,-34.0,-28.0
1.009868,-326.0,-177.0,-16225.0,20.0,-27.0,-28.0
1.020664,-332.0,-157.0,-16264.0,35.0,-34.0,-29.0
1.0307199999999996,-371.0,-168.0,-16270.0,41.0,-31.0,-30.0
1.0406959999999996,-348.0,-138.0,-16183.0,44.0,-31.0,-27.0
1.04983,-352.0,-163.0,-16120.0,39.0,-31.0,-28.0
1.060562,-323.0,-158.0,-16097.0,29.0,-34.0,-28.0
1.0698939999999997,-344.0,-148.0,-16137.0,23.0,-30.0,-30.0
1.0806490000000002,-339.0,-151.0,-16204.0,29.0,-29.0,-31.0
1.0906950000000002,-358.0,-140.0,-16286.0,32.0,-36.0,-29.0
1.1007160000000002,-351.0,-132.0,-16233.0,38.0,-31.0,-26.0
1.1107839999999998,-379.0,-135.0,-16186.0,47.0,-32.0,-35.0
1.12059,-342.0,-162.0,-16116.0,37.0,-33.0,-26.0
1.129886,-348.0,-150.0,-16082.0,29.0,-30.0,-26.0
1.1404759999999996,-327.0,-173.0,-16154.0,25.0,-30.0,-30.0
1.14996,-341.0,-127.0,-16199.0,23.0,-32.0,-24.0
1.1604080000000003,-353.0,-156.0,-16256.0,30.0,-34.0,-31.0
1.1700400000000002,-351.0,-148.0,-16259.0,38.0,-36.0,-24.0
1.1803239999999997,-382.0,-154.0,-16210.0,46.0,-32.0,-28.0
1.1901929999999998,-358.0,-135.0,-16109.0,42.0,-34.0,-31.0
1.200336,-354.0,-158.0,-16065.0,34.0,-34.0,-33.0
1.2101809999999995,-378.0,-170.0,-16128.0,23.0,-32.0,-23.0
1.220306,-380.0,-151.0,-16214.0,18.0,-31.0,-27.0
1.2301890000000002,-339.0,-161.0,-16277.0,31.0,-34.0,-26.0
1.2403300000000002,-362.0,-151.0,-16265.0,35.0,-33.0,-28.0
1.250172,-393.0,-161.0,-16193.0,42.0,-30.0,-31.0
1.2603499999999999,-359.0,-155.0,-16119.0,38.0,-33.0,-32.0
1.2701709999999995,-356.0,-165.0,-16077.0,34.0,-31.0,-26.0
1.28022,-347.0,-144.0,-16110.0,27.0,-34.0,-25.0
1.2901920000000002,-365.0,-142.0,-16188.0,24.0,-28.0,-30.0
1.3002089999999997,-304.0,-137.0,-16269.0,24.0,-32.0,-27.0
1.3103179999999996,-309.0,-147.0,-16275.0,40.0,-31.0,-24.0
1.3202109999999996,-353.0,-130.0,-16192.0,41.0,-32.0,-28.0
1.3303120000000002,-366.0,-146.0,-16114.0,40.0,-37.0,-29.0
1.3400929999999995,-358.0,-139.0,-16089.0,30.0,-31.0,-24.0
1.3504420000000001,-353.0,-172.0,-16107.0,22.0,-34.0,-26.0
1.3600510000000003,-345.0,-170.0,-16212.0,27.0,-32.0,-28.0
1.3704140000000002,-365.0,-138.0,-16288.0,29.0,-31.0,-24.0
1.3799460000000003,-349.0,-140.0,-16259.0,39.0,-32.0,-30.0
1.390416,-379.0,-114.0,-16188.0,44.0,-31.0,-26.0
1.400017,-322.0,-147.0,-16149.0,36.0,-32.0,-22.0
1.4103380000000003,-373.0,-129.0,-16069.0,38.0,-29.0,-30.0
1.4201069999999998,-371.0,-153.0,-16117.0,29.0,-37.0,-27.0
1.4302679999999999,-378.0,-136.0,-16171.0,22.0,-33.0,-28.0
1.4401099999999998,-367.0,-141.0,-16249.0,30.0,-34.0,-33.0
1.450298,-347.0,-151.0,-16260.0,39.0,-36.0,-30.0
1.460045,-339.0,-138.0,-16185.0,42.0,-37.0,-30.0
1.4704899999999999,-330.0,-171.0,-16144.0,43.0,-33.0,-30.0
1.4800439999999995,-371.0,-161.0,-16107.0,37.0,-35.0,-31.0
1.4904929999999998,-355.0,-164.0,-16124.0,24.0,-30.0,-26.0
1.4999960000000003,-303.0,-159.0,-16169.0,23.0,-35.0,-28.0
1.5105459999999997,-355.0,-143.0,-16225.0,23.0,-36.0,-22.0
1.5198340000000004,-395.0,-99.0,-16258.0,35.0,-32.0,-24.0
1.5305049999999998,-370.0,-121.0,-16215.0,42.0,-29.0,-33.0
1.539822,-365.0,-106.0,-16154.0,41.0,-30.0,-29.0
1.5507159999999995,-350.0,-139.0,-16089.0,39.0,-34.0,-33.0
1.5598140000000003,-360.0,-167.0,-16100.0,28.0,-33.0,-26.0
1.5707139999999997,-372.0,-153.0,-16193.0,22.0,-31.0,-29.0
1.5806759999999995,-335.0,-106.0,-16249.0,24.0,-35.0,-29.0
1.5907919999999995,-389.0,-161.0,-16277.0,37.0,-32.0,-28.0
1.6007179999999996,-352.0,-183.0,-16215.0,44.0,-32.0,-30.0
1.610804,-334.0,-173.0,-16154.0,45.0,-31.0,-31.0
1.6207380000000002,-329.0,-156.0,-16081.0,41.0,-39.0,-32.0
1.6307939999999999,-352.0,-157.0,-16087.0,28.0,-35.0,-31.0
1.640726,-342.0,-159.0,-16175.0,21.0,-31.0,-25.0
1.6507769999999997,-366.0,-131.0,-16250.0,28.0,-30.0,-27.0
1.6607159999999999,-330.0,-159.0,-16286.0,35.0,-31.0,-25.0
1.6707919999999996,-384.0,-153.0,-16219.0,42.0,-34.0,-29.0
1.6805599999999998,-345.0,-166.0,-16127.0,43.0,-35.0,-26.0
1.6899480000000002,-358.0,-152.0,-16113.0,35.0,-31.0,-32.0
1.7005720000000002,-338.0,-170.0,-16098.0,28.0,-32.0,-26.0
1.709968,-351.0,-121.0,-16175.0,23.0,-35.0,-30.0
1.7205440000000003,-368.0,-111.0,-16243.0,21.0,-35.0,-27.0
1.7299619999999996,-358.0,-127.0,-16268.0,34.0,-32.0,-31.0
1.7405539999999995,-388.0,-122.0,-16205.0,44.0,-34.0,-30.0
1.7499479999999998,-368.0,-159.0,-16123.0,47.0,-33.0,-25.0
1.7605680000000001,-414.0,-168.0,-16082.0,33.0,-36.0,-31.0
1.7699340000000001,-342.0,-158.0,-16085.0,24.0,-33.0,-30.0
1.7806119999999996,-344.0,-135.0,-16192.0,18.0,-29.0,-27.0
1.7899320000000003,-330.0,-153.0,-16248.0,21.0,-33.0,-26.0
1.8005779999999998,-329.0,-150.0,-16287.0,38.0,-33.0,-26.0
1.8099439999999998,-375.0,-160.0,-16205.0,46.0,-36.0,-31.0
1.820602,-323.0,-167.0,-16136.0,47.0,-31.0,-29.0
1.829898,-344.0,-175.0,-16084.0,40.0,-29.0,-24.0
1.8406159999999998,-322.0,-140.0,-16121.0,23.0,-32.0,-30.0
1.8499119999999998,-348.0,-145.0,-16186.0,19.0,-31.0,-22.0
1.8606039999999995,-372.0,-123.0,-16282.0,24.0,-32.0,-26.0
1.8699259999999995,-381.0,-143.0,-16274.0,34.0,-32.0,-28.0
1.88061,-343.0,-131.0,-16219.0,43.0,-36.0,-30.0
1.889932,-351.0,-130.0,-16139.0,45.0,-34.0,-29.0
1.9005780000000003,-393.0,-128.0,-16072.0,38.0,-32.0,-31.0
1.9099300000000001,-358.0,-135.0,-16105.0,27.0,-36.0,-30.0
1.920566,-347.0,-151.0,-16186.0,22.0,-33.0,-25.0
1.9299400000000002,-374.0,-153.0,-16236.0,22.0,-33.0,-30.0
1.940576,-353.0,-169.0,-16298.0,40.0,-36.0,-28.0
1.9507560000000002,-343.0,-132.0,-16185.0,45.0,-34.0,-31.0
1.9605740000000003,-380.0,-157.0,-16118.0,40.0,-34.0,-32.0
1.9698229999999999,-319.0,-184.0,-16071.0,34.0,-34.0,-26.0
1.98055,-355.0,-150.0,-16111.0,27.0,-31.0,-31.0
1.9898439999999997,-359.0,-147.0,-16182.0,19.0,-29.0,-31.0
2.0006139999999997,-338.0,-127.0,-16262.0,29.0,-31.0,-27.0
2.0098380000000002,-356.0,-146.0,-16263.0,41.0,-33.0,-29.0
2.0205200000000003,-347.0,-125.0,-16184.0,45.0,-32.0,-31.0
2.029884,-388.0,-170.0,-16104.0,42.0,-36.0,-27.0
2.040456,-354.0,-180.0,-16068.0,36.0,-31.0,-24.0
2.0500499999999997,-371.0,-141.0,-16111.0,27.0,-35.0,-25.0
2.0603039999999995,-383.0,-125.0,-16171.0,19.0,-28.0,-26.0
2.0700849999999997,-364.0,-180.0,-16251.0,32.0,-32.0,-26.0
2.080229,-344.0,-117.0,-16274.0,37.0,-32.0,-27.0
2.090231,-360.0,-140.0,-16218.0,43.0,-33.0,-23.0
2.1002840000000003,-342.0,-155.0,-16139.0,49.0,-35.0,-27.0
2.11024,-340.0,-150.0,-16093.0,39.0,-33.0,-29.0
2.119966,-363.0,-166.0,-16065.0,27.0,-34.0,-29.0
2.1305620000000003,-362.0,-129.0,-16180.0,19.0,-30.0,-28.0
2.1399159999999995,-369.0,-160.0,-16283.0,23.0,-31.0,-24.0
2.1506179999999997,-331.0,-171.0,-16256.0,38.0,-32.0,-27.0
2.1607700000000003,-351.0,-158.0,-16241.0,50.0,-34.0,-31.0
2.1705680000000003,-333.0,-158.0,-16133.0,45.0,-35.0,-25.0
2.18079,-342.0,-161.0,-16069.0,37.0,-34.0,-33.0
2.190722,-361.0,-148.0,-16118.0,26.0,-31.0,-31.0
2.200798,-343.0,-129.0,-16186.0,21.0,-31.0,-26.0
2.210736,-351.0,-109.0,-16237.0,25.0,-35.0,-31.0
2.2207739999999996,-349.0,-124.0,-16283.0,36.0,-37.0,-32.0
2.2307059999999996,-357.0,-126.0,-16229.0,42.0,-26.0,-27.0
2.2405679999999997,-382.0,-112.0,-16118.0,41.0,-34.0,-31.0
2.2507919999999997,-372.0,-136.0,-16078.0,37.0,-32.0,-26.0
2.2607159999999995,-353.0,-145.0,-16080.0,27.0,-30.0,-29.0
2.2698080000000003,-360.0,-130.0,-16195.0,19.0,-30.0,-30.0
2.28071,-335.0,-147.0,-16256.0,25.0,-32.0,-31.0
2.290794,-344.0,-160.0,-16292.0,39.0,-31.0,-26.0
2.300541,-355.0,-147.0,-16197.0,49.0,-31.0,-30.0
2.3098099999999997,-345.0,-149.0,-16132.0,46.0,-31.0,-31.0
2.3206879999999996,-332.0,-163.0,-16077.0,33.0,-30.0,-27.0
2.3307960000000003,-338.0,-152.0,-16109.0,22.0,-29.0,-25.0
2.3406959999999994,-370.0,-127.0,-16148.0,20.0,-35.0,-30.0
2.349826,-393.0,-140.0,-16226.0,26.0,-33.0,-24.0
2.3606999999999996,-373.0,-150.0,-16288.0,33.0,-32.0,-28.0
2.3698239999999995,-381.0,-144.0,-16216.0,46.0,-34.0,-30.0
2.3805639999999997,-391.0,-132.0,-16141.0,49.0,-36.0,-28.0
2.3907739999999995,-353.0,-147.0,-16074.0,36.0,-34.0,-27.0
2.4007119999999995,-382.0,-185.0,-16077.0,22.0,-33.0,-29.0
2.410782,-360.0,-138.0,-16166.0,21.0,-26.0,-26.0
2.4205639999999997,-366.0,-167.0,-16246.0,25.0,-34.0,-30.0
2.4298139999999995,-351.0,-197.0,-16297.0,35.0,-36.0,-29.0
2.440524,-363.0,-131.0,-16219.0,41.0,-31.0,-33.0
2.449872,-331.0,-139.0,-16129.0,46.0,-28.0,-28.0
2.46044,-364.0,-152.0,-16087.0,33.0,-33.0,-26.0
2.4700699999999998,-361.0,-137.0,-16084.0,27.0,-29.0,-30.0
2.480396,-327.0,-141.0,-16172.0,19.0,-32.0,-27.0
2.4901289999999996,-319.0,-143.0,-16249.0,22.0,-29.0,-25.0
2.5003159999999998,-329.0,-130.0,-16262.0,34.0,-35.0,-29.0
2.5101709999999997,-335.0,-137.0,-16229.0,43.0,-36.0,-33.0
2.5201339999999997,-375.0,-114.0,-16134.0,38.0,-36.0,-26.0
2.5303699999999996,-378.0,-148.0,-16075.0,38.0,-31.0,-29.0
2.5401359999999995,-351.0,-136.0,-16107.0,20.0,-32.0,-26.0
2.5501499999999995,-368.0,-99.0,-16185.0,22.0,-33.0,-26.0
2.5602739999999997,-391.0,-180.0,-16264.0,27.0,-29.0,-29.0
2.5701989999999997,-373.0,-138.0,-16290.0,35.0,-33.0,-26.0
2.5802639999999997,-405.0,-150.0,-16243.0,45.0,-33.0,-31.0
2.5902220000000007,-379.0,-147.0,-16119.0,43.0,-31.0,-32.0
2.6001530000000006,-365.0,-179.0,-16063.0,36.0,-34.0,-29.0
2.6101460000000003,-346.0,-160.0,-16062.0,24.0,-30.0,-30.0
2.6202939999999995,-339.0,-168.0,-16177.0,20.0,-33.0,-27.0
2.63021,-330.0,-167.0,-16264.0,28.0,-28.0,-28.0
2.640224,-345.0,-119.0,-16261.0,36.0,-34.0,-27.0
2.6502339999999993,-324.0,-150.0,-16207.0,51.0,-37.0,-26.0
2.660235,-325.0,-148.0,-16113.0,45.0,-33.0,-29.0
2.6701169999999994,-373.0,-199.0,-16075.0,36.0,-34.0,-28.0
2.6801910000000007,-354.0,-149.0,-16098.0,24.0,-36.0,-28.0
2.6902500000000007,-389.0,-158.0,-16171.0,22.0,-29.0,-28.0
2.700208,-380.0,-139.0,-16239.0,23.0,-28.0,-22.0
2.7102459999999997,-367.0,-127.0,-16301.0,35.0,-31.0,-35.0
2.7202669999999998,-383.0,-127.0,-16243.0,49.0,-28.0,-28.0
2.7302739999999996,-338.0,-164.0,-16095.0,46.0,-31.0,-27.0
2.7402499999999996,-350.0,-151.0,-16049.0,42.0,-30.0,-27.0
2.750278,-308.0,-147.0,-16076.0,25.0,-33.0,-31.0
2.760083,-309.0,-189.0,-16150.0,16.0,-30.0,-29.0
2.7701890000000002,-347.0,-166.0,-16271.0,25.0,-34.0,-28.0
2.780158,-312.0,-159.0,-16280.0,43.0,-37.0,-30.0
2.7903540000000007,-338.0,-169.0,-16233.0,46.0,-34.0,-28.0
2.800015,-380.0,-143.0,-16121.0,48.0,-35.0,-27.0
2.8102870000000006,-273.0,-126.0,-16071.0,47.0,-37.0,-20.0
2.820041999999999,-118.0,-155.0,-16058.0,35.0,-40.0,-21.0
2.8304539999999996,16.0,-211.0,-16133.0,29.0,-49.0,-17.0
2.8398959999999995,129.0,-174.0,-16232.0,13.0,-50.0,-15.0
2.850453999999999,-1052.0,-182.0,-16251.0,29.0,-23.0,-32.0
2.859864,-1248.0,-171.0,-16208.0,26.0,-14.0,-35.0
2.870388,-1417.0,-134.0,-16195.0,41.0,-13.0,-46.0
2.880127999999999,-1537.0,-146.0,-16131.0,40.0,-10.0,-47.0
2.8902490000000007,-1581.0,-104.0,-16138.0,40.0,-5.0,-47.0
2.9001900000000003,157.0,-110.0,-16160.0,37.0,-2.0,-27.0
2.9101239999999997,229.0,-159.0,-16237.0,44.0,-4.0,-26.0
2.920375999999999,210.0,-115.0,-16240.0,34.0,-36.0,-25.0
2.9301460000000006,150.0,-113.0,-16262.0,45.0,-33.0,-28.0
2.9403179999999995,81.0,-128.0,-16161.0,44.0,-34.0,-31.0
2.9501790000000003,32.0,-188.0,-16086.0,48.0,-34.0,-31.0
2.9603319999999993,416.0,-198.0,-16076.0,30.0,-29.0,-13.0
2.9701590000000007,488.0,-140.0,-16157.0,23.0,-52.0,-14.0
2.9803219999999992,463.0,-140.0,-16225.0,28.0,-58.0,-11.0
2.9902029999999993,433.0,-147.0,-16268.0,37.0,-58.0,-16.0
3.0001599999999993,374.0,-152.0,-16212.0,46.0,-57.0,-12.0
3.0103399999999993,-757.0,-191.0,-16150.0,48.0,-56.0,-28.0
3.020163,-724.0,-189.0,-16104.0,38.0,-52.0,-26.0
3.0303559999999994,-727.0,-171.0,-16105.0,33.0,-28.0,-25.0
3.0401570000000007,-716.0,-168.0,-16164.0,20.0,-26.0,-26.0
3.050362,-700.0,-135.0,-16239.0,28.0,-35.0,-26.0
3.060136999999999,-708.0,-103.0,-16266.0,33.0,-29.0,-29.0
3.0703510000000005,-763.0,-81.0,-16214.0,41.0,-32.0,-34.0
3.0801689999999997,-785.0,-94.0,-16170.0,44.0,-35.0,-33.0
3.0901890000000005,-795.0,-94.0,-16116.0,36.0,-22.0,-35.0
3.100199,-754.0,-116.0,-16103.0,29.0,-24.0,-38.0
3.1103299999999994,-718.0,-152.0,-16168.0,22.0,-22.0,-36.0
3.120196999999999,-745.0,-155.0,-16216.0,29.0,-23.0,-34.0
3.1302400000000006,-342.0,-202.0,-16259.0,30.0,-21.0,-34.0
3.1401020000000006,-338.0,-224.0,-16235.0,39.0,-20.0,-31.0
3.150231999999999,-331.0,-214.0,-16146.0,41.0,-20.0,-31.0
3.160292,-331.0,-219.0,-16135.0,41.0,-24.0,-33.0
3.170228999999999,-330.0,-192.0,-16077.0,29.0,-28.0,-31.0
3.1802960000000002,-338.0,-169.0,-16131.0,28.0,-28.0,-28.0
3.190237999999999,77.0,-135.0,-16221.0,25.0,-24.0,-21.0
3.2000910000000005,2.0,-112.0,-16266.0,32.0,-46.0,-19.0
3.210241,5.0,-108.0,-16237.0,37.0,-46.0,-19.0
3.220117,-53.0,-77.0,-16170.0,40.0,-41.0,-20.0
3.2303879999999996,-93.0,-95.0,-16106.0,39.0,-47.0,-25.0
3.240133,-83.0,-116.0,-16108.0,29.0,-40.0,-26.0
3.250406,-361.0,-109.0,-16164.0,20.0,-39.0,-24.0
3.260121,-369.0,-130.0,-16211.0,21.0,-35.0,-28.0
3.270396,-328.0,-151.0,-16258.0,32.0,-37.0,-27.0
3.2801170000000006,-308.0,-164.0,-16217.0,40.0,-39.0,-24.0
3.2902579999999997,-246.0,-200.0,-16171.0,43.0,-38.0,-27.0
3.3002450000000003,-235.0,-203.0,-16097.0,43.0,-40.0,-28.0
3.310276,-503.0,-212.0,-16108.0,31.0,-40.0,-30.0
3.3200590000000005,-496.0,-177.0,-16141.0,26.0,-28.0,-29.0
3.3302840000000007,-527.0,-197.0,-16214.0,25.0,-28.0,-29.0
3.3402449999999995,-532.0,-152.0,-16249.0,34.0,-32.0,-23.0
3.3502980000000004,-554.0,-146.0,-16246.0,40.0,-31.0,-31.0
3.3600849999999998,-549.0,-138.0,-16157.0,42.0,-29.0,-29.0
3.370286,-494.0,-115.0,-16110.0,34.0,-26.0,-30.0
3.3800790000000003,-508.0,-94.0,-16120.0,33.0,-26.0,-34.0
3.3903420000000004,-512.0,-88.0,-16162.0,24.0,-28.0,-33.0
3.400008999999999,-520.0,-79.0,-16194.0,33.0,-30.0,-33.0
3.410437999999999,-487.0,-97.0,-16252.0,30.0,-26.0,-23.0
3.4200990000000004,-209.0,-133.0,-16217.0,40.0,-27.0,-27.0
3.4304559999999995,-245.0,-137.0,-16159.0,45.0,-36.0,-28.0
3.440061,-223.0,-146.0,-16123.0,39.0,-35.0,-28.0
3.450462,-186.0,-169.0,-16096.0,33.0,-36.0,-30.0
3.4600989999999996,-197.0,-174.0,-16124.0,25.0,-32.0,-25.0
3.470416,-197.0,-187.0,-16202.0,25.0,-33.0,-29.0
3.4801070000000003,-179.0,-199.0,-16238.0,27.0,-32.0,-27.0
3.4904279999999996,-187.0,-179.0,-16243.0,35.0,-38.0,-25.0
3.4999079999999996,-275.0,-201.0,-16192.0,42.0,-37.0,-29.0
3.5104480000000002,-266.0,-181.0,-16115.0,41.0,-38.0,-24.0
3.519893999999999,-273.0,-154.0,-16106.0,30.0,-43.0,-24.0
3.530576,-452.0,-171.0,-16138.0,24.0,-32.0,-28.0
3.5398840000000007,-519.0,-81.0,-16209.0,20.0,-33.0,-30.0
3.5504599999999993,-497.0,-84.0,-16245.0,25.0,-31.0,-25.0
3.5599220000000003,-474.0,-80.0,-16245.0,33.0,-30.0,-31.0
3.5704259999999994,-487.0,-60.0,-16188.0,39.0,-36.0,-32.0
3.579948999999999,-450.0,-108.0,-16129.0,42.0,-34.0,-30.0
3.5904880000000006,-501.0,-110.0,-16107.0,38.0,-33.0,-29.0
3.6000060000000005,-440.0,-142.0,-16115.0,32.0,-32.0,-34.0
3.6105099999999997,-435.0,-180.0,-16182.0,28.0,-29.0,-37.0
3.6200089999999996,-407.0,-155.0,-16225.0,34.0,-28.0,-29.0
3.6305060000000005,-381.0,-206.0,-16245.0,36.0,-27.0,-33.0
3.640013999999999,-377.0,-199.0,-16214.0,44.0,-29.0,-30.0
3.6504960000000004,-244.0,-201.0,-16126.0,48.0,-34.0,-30.0
3.6600330000000003,-254.0,-198.0,-16097.0,33.0,-32.0,-28.0
3.670482,-227.0,-216.0,-16084.0,29.0,-31.0,-27.0
3.679981999999999,-305.0,-161.0,-16161.0,21.0,-32.0,-26.0
3.6904889999999995,-352.0,-137.0,-16263.0,26.0,-27.0,-21.0
3.699973999999999,-355.0,-117.0,-16230.0,35.0,-29.0,-26.0
3.710481999999999,-379.0,-91.0,-16204.0,43.0,-34.0,-31.0
3.720801999999999,-378.0,-61.0,-16131.0,45.0,-31.0,-28.0
3.730625999999999,-356.0,-118.0,-16104.0,36.0,-37.0,-30.0
3.739832,-351.0,-82.0,-16100.0,25.0,-32.0,-27.0
3.750577999999999,-269.0,-137.0,-16175.0,22.0,-32.0,-30.0
3.7599219999999995,-296.0,-158.0,-16245.0,25.0,-32.0,-23.0
3.770581999999999,-318.0,-133.0,-16256.0,35.0,-33.0,-33.0
3.779847,-276.0,-207.0,-16206.0,48.0,-36.0,-29.0
3.790659999999999,-279.0,-199.0,-16131.0,45.0,-39.0,-33.0
3.7998089999999998,-308.0,-224.0,-16100.0,36.0,-36.0,-23.0
3.8106679999999997,-323.0,-176.0,-16118.0,26.0,-34.0,-22.0
3.8207059999999995,-364.0,-184.0,-16188.0,19.0,-31.0,-31.0
3.830769,-348.0,-190.0,-16234.0,31.0,-32.0,-27.0
3.840515999999999,-369.0,-138.0,-16253.0,35.0,-31.0,-28.0
3.8498319999999993,-418.0,-136.0,-16209.0,41.0,-31.0,-24.0
3.8606180000000005,-382.0,-110.0,-16160.0,39.0,-33.0,-26.0
3.8698379999999997,-420.0,-128.0,-16105.0,38.0,-36.0,-26.0
3.8806119999999993,-438.0,-121.0,-16085.0,29.0,-30.0,-28.0
3.8898480000000006,-458.0,-100.0,-16142.0,24.0,-31.0,-29.0
3.9006220000000003,-410.0,-124.0,-16210.0,24.0,-28.0,-27.0
3.9098570000000006,-418.0,-128.0,-16250.0,31.0,-33.0,-30.0
3.9205799999999993,-381.0,-180.0,-16213.0,41.0,-34.0,-28.0
3.9299,-345.0,-171.0,-16155.0,40.0,-28.0,-30.0
3.9406180000000006,-273.0,-179.0,-16086.0,38.0,-34.0,-28.0
3.949878,-293.0,-170.0,-16096.0,33.0,-33.0,-26.0
3.9606499999999993,-292.0,-200.0,-16158.0,22.0,-32.0,-25.0
3.9698220000000006,-335.0,-180.0,-16213.0,19.0,-30.0,-26.0
3.980582,-312.0,-166.0,-16256.0,33.0,-36.0,-24.0
3.9907579999999996,-321.0,-137.0,-16232.0,41.0,-33.0,-25.0
4.000736,-363.0,-169.0,-16154.0,44.0,-35.0,-31.0
4.010745999999999,-375.0,-177.0,-16099.0,35.0,-33.0,-22.0
4.020759,-364.0,-124.0,-16082.0,29.0,-34.0,-28.0
4.030761,-403.0,-126.0,-16170.0,23.0,-34.0,-25.0
4.040706,-380.0,-131.0,-16221.0,25.0,-32.0,-29.0
4.050772,-362.0,-92.0,-16244.0,29.0,-32.0,-28.0
4.060719000000001,-374.0,-133.0,-16231.0,40.0,-37.0,-32.0
4.070779999999999,-378.0,-109.0,-16187.0,38.0,-34.0,-31.0
4.080736999999999,-356.0,-158.0,-16086.0,40.0,-33.0,-27.0
4.09079,-342.0,-176.0,-16093.0,29.0,-31.0,-29.0
4.1007180000000005,-348.0,-171.0,-16149.0,25.0,-30.0,-29.0
4.110796000000001,-344.0,-155.0,-16227.0,22.0,-36.0,-26.0
4.120564,-323.0,-155.0,-16241.0,25.0,-30.0,-24.0
4.129944,-350.0,-163.0,-16247.0,35.0,-35.0,-29.0
4.140578,-370.0,-170.0,-16178.0,41.0,-30.0,-29.0
4.150732,-358.0,-160.0,-16099.0,39.0,-30.0,-28.0
4.160708,-341.0,-120.0,-16106.0,27.0,-33.0,-23.0
4.170702,-370.0,-104.0,-16151.0,30.0,-33.0,-29.0
4.1808,-370.0,-115.0,-16202.0,25.0,-31.0,-32.0
4.1907239999999994,-382.0,-112.0,-16259.0,34.0,-36.0,-28.0
4.200735,-371.0,-106.0,-16216.0,40.0,-37.0,-29.0
4.2105879999999996,-383.0,-138.0,-16165.0,42.0,-30.0,-33.0
4.220666,-339.0,-166.0,-16108.0,45.0,-32.0,-29.0
4.2306550000000005,-323.0,-157.0,-16112.0,30.0,-34.0,-30.0
4.239818,-323.0,-165.0,-16155.0,27.0,-34.0,-26.0
4.25052,-316.0,-151.0,-16199.0,24.0,-33.0,-27.0
4.259945999999999,-312.0,-180.0,-16257.0,34.0,-32.0,-29.0
4.270567999999999,-287.0,-145.0,-16205.0,36.0,-32.0,-26.0
4.279888,-279.0,-130.0,-16172.0,40.0,-30.0,-29.0
4.290625,-343.0,-160.0,-16149.0,39.0,-28.0,-25.0
4.300725999999999,-320.0,-141.0,-16120.0,32.0,-33.0,-29.0
4.310803999999999,-373.0,-162.0,-16151.0,28.0,-31.0,-24.0
4.320717,-342.0,-134.0,-16205.0,31.0,-31.0,-27.0
4.330615999999999,-386.0,-119.0,-16221.0,32.0,-32.0,-30.0
4.340728,-388.0,-157.0,-16218.0,35.0,-35.0,-32.0
4.350795999999999,-365.0,-108.0,-16171.0,38.0,-35.0,-33.0
4.360631999999999,-371.0,-145.0,-16127.0,36.0,-25.0,-29.0
4.36988,-348.0,-140.0,-16153.0,35.0,-33.0,-27.0
4.380621999999999,-367.0,-169.0,-16156.0,27.0,-31.0,-34.0
4.3898779999999995,-380.0,-150.0,-16166.0,30.0,-29.0,-30.0
4.4006419999999995,-372.0,-142.0,-16196.0,32.0,-27.0,-25.0
4.409825999999999,-324.0,-151.0,-16216.0,31.0,-30.0,-27.0
4.420693999999999,-337.0,-156.0,-16200.0,37.0,-32.0,-32.0
4.42984,-348.0,-155.0,-16172.0,37.0,-29.0,-31.0
4.440662,-322.0,-163.0,-16113.0,38.0,-31.0,-30.0
4.449838,-345.0,-143.0,-16124.0,33.0,-30.0,-29.0
4.460675999999999,-317.0,-175.0,-16175.0,29.0,-34.0,-26.0
4.469842,-340.0,-114.0,-16203.0,29.0,-34.0,-24.0
4.480663999999999,-321.0,-110.0,-16225.0,34.0,-30.0,-31.0
4.489838000000001,-368.0,-146.0,-16218.0,36.0,-33.0,-24.0
4.500688,-373.0,-150.0,-16170.0,36.0,-34.0,-26.0
4.50981,-349.0,-141.0,-16161.0,31.0,-34.0,-27.0
4.52069,-362.0,-148.0,-16142.0,25.0,-31.0,-25.0
4.529814,-363.0,-96.0,-16175.0,27.0,-33.0,-30.0
4.540704,-372.0,-130.0,-16206.0,27.0,-30.0,-27.0
4.550782,-319.0,-155.0,-16228.0,30.0,-33.0,-29.0
4.560722,-337.0,-144.0,-16197.0,37.0,-30.0,-28.0
4.570793999999999,-350.0,-162.0,-16178.0,39.0,-29.0,-30.0
4.580717999999999,-358.0,-142.0,-16121.0,36.0,-36.0,-33.0
4.590586,-332.0,-168.0,-16132.0,26.0,-27.0,-31.0
4.600712,-364.0,-176.0,-16152.0,24.0,-34.0,-27.0
4.609807999999999,-342.0,-160.0,-16221.0,26.0,-33.0,-30.0
4.6206879999999995,-375.0,-152.0,-16209.0,36.0,-30.0,-27.0
4.629818,-371.0,-174.0,-16204.0,37.0,-34.0,-27.0
4.640708,-372.0,-136.0,-16154.0,39.0,-34.0,-29.0
4.650636,-365.0,-124.0,-16131.0,36.0,-36.0,-30.0
4.659838000000001,-298.0,-154.0,-16121.0,36.0,-37.0,-29.0
4.6706959999999995,-340.0,-169.0,-16163.0,27.0,-30.0,-26.0
4.680718000000001,-421.0,-147.0,-16179.0,31.0,-32.0,-30.0
4.689819999999999,-342.0,-173.0,-16227.0,37.0,-33.0,-32.0
4.70068,-354.0,-164.0,-16169.0,41.0,-35.0,-33.0
4.71067,-341.0,-150.0,-16121.0,39.0,-36.0,-28.0
4.7206779999999995,-342.0,-156.0,-16135.0,33.0,-31.0,-27.0
4.729808,-351.0,-160.0,-16129.0,28.0,-34.0,-27.0
4.7407140000000005,-319.0,-180.0,-16192.0,23.0,-31.0,-25.0
4.750795999999999,-311.0,-146.0,-16204.0,27.0,-31.0,-31.0
4.760728,-304.0,-152.0,-16205.0,36.0,-32.0,-26.0
4.770795999999999,-370.0,-189.0,-16200.0,39.0,-34.0,-31.0
4.780688,-373.0,-136.0,-16158.0,37.0,-35.0,-25.0
4.789864,-374.0,-146.0,-16129.0,41.0,-33.0,-28.0
4.8006519999999995,-382.0,-152.0,-16130.0,28.0,-31.0,-31.0
4.80982,-337.0,-151.0,-16169.0,32.0,-32.0,-23.0
4.820641999999999,-353.0,-133.0,-16226.0,28.0,-31.0,-25.0
4.829834,-333.0,-139.0,-16221.0,31.0,-34.0,-25.0
4.840553999999999,-364.0,-158.0,-16194.0,38.0,-29.0,-32.0
4.849893999999999,-342.0,-158.0,-16146.0,41.0,-35.0,-29.0
4.860633999999999,-325.0,-153.0,-16151.0,36.0,-31.0,-27.0
4.869871999999999,-307.0,-145.0,-16151.0,32.0,-33.0,-29.0
4.8805119999999995,-322.0,-157.0,-16183.0,23.0,-31.0,-25.0
4.889986,-359.0,-152.0,-16234.0,33.0,-31.0,-33.0
4.9003879999999995,-345.0,-142.0,-16220.0,39.0,-32.0,-30.0
4.909922,-321.0,-164.0,-16180.0,36.0,-38.0,-28.0
4.920596,-328.0,-157.0,-16158.0,39.0,-34.0,-27.0
4.9299420000000005,-391.0,-159.0,-16118.0,32.0,-32.0,-27.0
4.940605999999999,-375.0,-158.0,-16156.0,27.0,-33.0,-29.0
4.949873999999999,-362.0,-159.0,-16198.0,28.0,-33.0,-24.0
4.960632,-364.0,-138.0,-16221.0,31.0,-29.0,-26.0
4.969875999999999,-356.0,-128.0,-16230.0,38.0,-34.0,-24.0
4.980459999999999,-400.0,-127.0,-16187.0,39.0,-33.0,-35.0
4.990045,-359.0,-133.0,-16136.0,38.0,-32.0,-28.0
5.000503999999999,-356.0,-173.0,-16139.0,29.0,-32.0,-24.0
5.009852,-299.0,-165.0,-16142.0,26.0,-33.0,-26.0
5.020683999999999,-364.0,-140.0,-16190.0,29.0,-30.0,-30.0
5.030644000000001,-337.0,-173.0,-16220.0,30.0,-32.0,-28.0
5.0399080000000005,-364.0,-146.0,-16234.0,40.0,-33.0,-28.0
5.050452,-354.0,-144.0,-16187.0,41.0,-34.0,-29.0
5.060041999999999,-345.0,-162.0,-16136.0,36.0,-34.0,-25.0
5.070501999999999,-345.0,-147.0,-16121.0,33.0,-33.0,-30.0
5.080029999999999,-364.0,-177.0,-16157.0,30.0,-32.0,-25.0
5.090477999999999,-382.0,-145.0,-16218.0,27.0,-29.0,-22.0
5.100045,-403.0,-128.0,-16261.0,35.0,-33.0,-27.0
5.110484,-395.0,-161.0,-16205.0,40.0,-33.0,-24.0
5.120063,-381.0,-149.0,-16181.0,43.0,-36.0,-32.0
5.1304680000000005,-397.0,-163.0,-16102.0,38.0,-32.0,-25.0
5.13997,-391.0,-129.0,-16117.0,29.0,-32.0,-31.0
5.150338,-363.0,-138.0,-16144.0,23.0,-33.0,-28.0
5.160024999999999,-327.0,-131.0,-16209.0,25.0,-39.0,-30.0
5.1705000000000005,-333.0,-137.0,-16256.0,30.0,-29.0,-27.0
5.1800370000000004,-344.0,-143.0,-16243.0,43.0,-30.0,-30.0
5.1904959999999996,-314.0,-167.0,-16176.0,42.0,-31.0,-29.0
5.2000329999999995,-328.0,-177.0,-16103.0,40.0,-36.0,-34.0
5.210357999999999,-384.0,-185.0,-16114.0,29.0,-30.0,-28.0
5.21998,-337.0,-165.0,-16160.0,23.0,-33.0,-27.0
5.2305340000000005,-341.0,-135.0,-16229.0,26.0,-35.0,-25.0
5.239825999999999,-375.0,-127.0,-16248.0,29.0,-29.0,-28.0
5.250553999999999,-348.0,-151.0,-16251.0,37.0,-29.0,-27.0
5.260774,-348.0,-152.0,-16170.0,40.0,-31.0,-26.0
5.270579999999999,-359.0,-151.0,-16130.0,43.0,-32.0,-29.0
5.279945999999999,-394.0,-162.0,-16100.0,35.0,-27.0,-23.0
5.290383,-328.0,-120.0,-16139.0,22.0,-35.0,-28.0
5.299972,-383.0,-121.0,-16258.0,23.0,-30.0,-31.0
5.310392,-331.0,-125.0,-16259.0,29.0,-33.0,-30.0
5.320138999999999,-355.0,-147.0,-16259.0,34.0,-33.0,-25.0
5.330359999999999,-336.0,-139.0,-16191.0,45.0,-33.0,-29.0
5.340161,-364.0,-152.0,-16106.0,46.0,-34.0,-28.0
5.350308,-357.0,-166.0,-16080.0,34.0,-33.0,-26.0
5.360153,-338.0,-185.0,-16154.0,22.0,-34.0,-31.0
5.370312,-322.0,-140.0,-16228.0,21.0,-33.0,-29.0
5.380165999999999,-349.0,-153.0,-16282.0,25.0,-32.0,-22.0
5.3901699999999995,-382.0,-144.0,-16269.0,44.0,-34.0,-29.0
5.400186999999999,-353.0,-165.0,-16186.0,46.0,-34.0,-24.0
5.410183999999999,-368.0,-153.0,-16064.0,40.0,-31.0,-29.0
5.420252999999999,-356.0,-143.0,-16069.0,28.0,-30.0,-33.0
5.430073999999999,-386.0,-150.0,-16103.0,25.0,-35.0,-26.0
5.440398,-352.0,-140.0,-16240.0,19.0,-28.0,-29.0
5.4501290000000004,-376.0,-149.0,-16282.0,28.0,-35.0,-31.0
5.4603459999999995,-343.0,-165.0,-16276.0,43.0,-37.0,-30.0
5.470172,-370.0,-139.0,-16180.0,48.0,-31.0,-31.0
5.480281999999999,-341.0,-142.0,-16086.0,43.0,-36.0,-33.0
5.490202999999999,-306.0,-142.0,-16063.0,28.0,-35.0,-27.0
5.500252,-367.0,-179.0,-16134.0,21.0,-31.0,-24.0
5.510204999999999,-321.0,-158.0,-16228.0,22.0,-31.0,-28.0
5.520168,-350.0,-132.0,-16289.0,29.0,-32.0,-29.0
5.5301290000000005,-348.0,-126.0,-16276.0,45.0,-32.0,-27.0
5.540376,-325.0,-131.0,-16192.0,49.0,-34.0,-27.0
5.550022,-369.0,-145.0,-16074.0,47.0,-32.0,-33.0
5.560307999999999,-381.0,-153.0,-16047.0,34.0,-36.0,-33.0
5.570010999999999,-341.0,-162.0,-16097.0,20.0,-27.0,-23.0
5.5804860000000005,-358.0,-132.0,-16239.0,23.0,-36.0,-23.0
5.590021999999999,-413.0,-154.0,-16289.0,31.0,-31.0,-28.0
5.600453999999999,-345.0,-149.0,-16258.0,40.0,-34.0,-31.0
5.610063,-356.0,-140.0,-16175.0,50.0,-33.0,-27.0
5.620403999999999,-371.0,-154.0,-16115.0,41.0,-33.0,-29.0
5.6301000000000005,-317.0,-157.0,-16048.0,31.0,-31.0,-28.0
5.640352,-307.0,-153.0,-16119.0,19.0,-32.0,-32.0
5.650150999999999,-342.0,-150.0,-16235.0,19.0,-30.0,-29.0
5.660306,-337.0,-150.0,-16285.0,25.0,-32.0,-28.0
5.670149,-361.0,-150.0,-16269.0,42.0,-31.0,-28.0
5.680308,-334.0,-126.0,-16190.0,48.0,-35.0,-26.0
5.690218,-386.0,-144.0,-16106.0,41.0,-35.0,-30.0
5.700244,-385.0,-170.0,-16033.0,34.0,-26.0,-28.0
5.710267999999999,-366.0,-168.0,-16110.0,16.0,-30.0,-30.0
5.720236,-391.0,-116.0,-16217.0,20.0,-34.0,-28.0
5.730249000000001,-379.0,-119.0,-16275.0,28.0,-34.0,-27.0
5.740268,-363.0,-144.0,-16279.0,32.0,-33.0,-30.0
5.750221,-346.0,-161.0,-16219.0,47.0,-32.0,-27.0
5.760282,-314.0,-177.0,-16114.0,41.0,-28.0,-27.0
5.770204999999999,-320.0,-156.0,-16032.0,35.0,-27.0,-27.0
5.7803,-322.0,-163.0,-16123.0,20.0,-32.0,-28.0
5.790210999999999,-320.0,-154.0,-16171.0,13.0,-34.0,-29.0
5.800291999999999,-335.0,-141.0,-16250.0,28.0,-31.0,-28.0
5.810214,-330.0,-131.0,-16303.0,38.0,-31.0,-30.0
5.820316,-354.0,-158.0,-16210.0,49.0,-33.0,-31.0
5.830197,-356.0,-167.0,-16113.0,47.0,-32.0,-33.0
5.840306,-343.0,-162.0,-16067.0,35.0,-35.0,-24.0
5.8502209999999994,-344.0,-163.0,-16094.0,28.0,-32.0,-28.0
5.860258,-324.0,-141.0,-16174.0,19.0,-32.0,-28.0
5.870244,-360.0,-136.0,-16283.0,20.0,-33.0,-26.0
5.880246999999999,-329.0,-155.0,-16298.0,33.0,-35.0,-31.0
5.8902470000000005,-426.0,-150.0,-16227.0,46.0,-29.0,-27.0
5.900250999999999,-379.0,-123.0,-16153.0,48.0,-32.0,-24.0
5.910276,-329.0,-165.0,-16059.0,41.0,-29.0,-28.0
5.920266999999999,-388.0,-119.0,-16078.0,20.0,-33.0,-26.0
5.930251,-344.0,-175.0,-16182.0,8.0,-31.0,-27.0
5.940251999999999,-417.0,-150.0,-16259.0,18.0,-30.0,-26.0
5.950260999999999,-410.0,-146.0,-16341.0,36.0,-28.0,-31.0
5.960272,-332.0,-134.0,-16265.0,50.0,-29.0,-30.0
5.970253,-311.0,-111.0,-16132.0,48.0,-33.0,-27.0
5.9802859999999995,-332.0,-153.0,-16029.0,39.0,-31.0,-34.0
5.990233,-308.0,-153.0,-16045.0,32.0,-33.0,-25.0
6.000252999999999,-335.0,-169.0,-16156.0,17.0,-34.0,-30.0
6.010121,-311.0,-158.0,-16259.0,20.0,-36.0,-30.0
6.020168999999999,-300.0,-124.0,-16331.0,31.0,-33.0,-24.0
6.030137999999999,-316.0,-168.0,-16273.0,50.0,-34.0,-28.0
6.040177,-320.0,-163.0,-16153.0,51.0,-40.0,-29.0
6.050348,-313.0,-173.0,-16027.0,39.0,-38.0,-24.0
6.060174,-365.0,-155.0,-16047.0,26.0,-37.0,-30.0
6.070347999999999,-366.0,-79.0,-16130.0,18.0,-35.0,-28.0
6.080147,-368.0,-153.0,-16282.0,19.0,-34.0,-24.0
6.090342999999999,-438.0,-95.0,-16309.0,38.0,-34.0,-25.0
6.100171,-378.0,-128.0,-16284.0,50.0,-33.0,-26.0
6.110237,-339.0,-139.0,-16144.0,52.0,-33.0,-28.0
6.120260999999999,-387.0,-178.0,-16042.0,42.0,-37.0,-27.0
6.1300799999999995,-359.0,-144.0,-16064.0,26.0,-32.0,-31.0
6.140395999999999,-371.0,-150.0,-16131.0,14.0,-28.0,-23.0
6.150143999999999,-368.0,-142.0,-16251.0,24.0,-30.0,-32.0
6.160371999999999,-364.0,-163.0,-16320.0,34.0,-29.0,-31.0
6.170133,-351.0,-135.0,-16271.0,43.0,-34.0,-31.0
6.1803799999999995,-349.0,-127.0,-16164.0,50.0,-32.0,-29.0
6.190144999999999,-328.0,-160.0,-16071.0,41.0,-33.0,-26.0
6.200388,-331.0,-177.0,-16014.0,25.0,-34.0,-29.0
6.210118999999999,-368.0,-151.0,-16123.0,20.0,-31.0,-32.0
6.220243,-371.0,-165.0,-16258.0,24.0,-29.0,-29.0
6.230293999999999,-351.0,-160.0,-16287.0,31.0,-33.0,-30.0
6.240223,-348.0,-130.0,-16265.0,46.0,-36.0,-25.0
6.250283999999999,-358.0,-144.0,-16164.0,48.0,-34.0,-31.0
6.260239,-344.0,-148.0,-16070.0,48.0,-30.0,-31.0
6.270258999999999,-347.0,-133.0,-16047.0,28.0,-39.0,-32.0
6.280274,-343.0,-187.0,-16152.0,21.0,-32.0,-30.0
6.290234999999999,-357.0,-121.0,-16240.0,23.0,-34.0,-27.0
6.300257,-332.0,-137.0,-16296.0,30.0,-33.0,-27.0
6.3102339999999995,-348.0,-151.0,-16269.0,44.0,-36.0,-33.0
6.320276,-362.0,-135.0,-16187.0,51.0,-31.0,-30.0
6.330131,-345.0,-147.0,-16085.0,45.0,-33.0,-26.0
6.34041,-317.0,-191.0,-16072.0,29.0,-26.0,-26.0
6.350111,-352.0,-185.0,-16122.0,22.0,-35.0,-28.0
6.360388,-356.0,-140.0,-16244.0,17.0,-32.0,-26.0
6.370105000000001,-321.0,-146.0,-16294.0,33.0,-36.0,-25.0
6.380416,-395.0,-117.0,-16288.0,45.0,-30.0,-28.0
6.390081,-344.0,-150.0,-16145.0,47.0,-34.0,-22.0
6.400442,-362.0,-122.0,-16087.0,40.0,-29.0,-28.0
6.4100649999999995,-353.0,-117.0,-16060.0,28.0,-31.0,-27.0
6.420437999999999,-343.0,-140.0,-16120.0,21.0,-31.0,-29.0
6.430092999999999,-353.0,-149.0,-16203.0,19.0,-35.0,-32.0
6.440408,-329.0,-115.0,-16267.0,29.0,-32.0,-27.0
6.450101,-367.0,-159.0,-16254.0,42.0,-36.0,-27.0
6.460417999999999,-349.0,-144.0,-16182.0,45.0,-32.0,-33.0
6.470101,-336.0,-151.0,-16102.0,48.0,-31.0,-30.0
6.480435999999999,-329.0,-155.0,-16056.0,33.0,-34.0,-31.0
6.490088999999999,-367.0,-178.0,-16093.0,21.0,-30.0,-26.0
6.500404,-353.0,-144.0,-16237.0,27.0,-36.0,-29.0
6.510111,-335.0,-168.0,-16280.0,27.0,-33.0,-30.0
6.520398,-355.0,-146.0,-16255.0,42.0,-33.0,-31.0
6.530104999999999,-347.0,-127.0,-16185.0,48.0,-30.0,-31.0
6.5403839999999995,-375.0,-126.0,-16101.0,45.0,-31.0,-29.0
6.550117,-379.0,-164.0,-16056.0,34.0,-33.0,-26.0
6.560402,-355.0,-157.0,-16096.0,21.0,-35.0,-30.0
6.569946,-376.0,-146.0,-16175.0,18.0,-34.0,-26.0
6.580527,-382.0,-177.0,-16258.0,28.0,-38.0,-31.0
6.589986999999999,-329.0,-140.0,-16293.0,37.0,-35.0,-28.0
6.600529999999999,-334.0,-160.0,-16210.0,42.0,-30.0,-32.0
6.6100010000000005,-367.0,-176.0,-16121.0,43.0,-37.0,-32.0
6.620495999999999,-358.0,-166.0,-16092.0,30.0,-29.0,-29.0
6.630025,-350.0,-135.0,-16137.0,25.0,-29.0,-25.0
6.640471999999999,-330.0,-160.0,-16199.0,22.0,-32.0,-30.0
6.65005,-363.0,-102.0,-16247.0,30.0,-31.0,-29.0
6.660447999999999,-371.0,-115.0,-16249.0,38.0,-30.0,-29.0
6.6700669999999995,-384.0,-134.0,-16204.0,45.0,-36.0,-33.0
6.680458,-376.0,-168.0,-16096.0,46.0,-34.0,-30.0
6.690042999999999,-341.0,-157.0,-16084.0,29.0,-27.0,-31.0
6.700476,-336.0,-132.0,-16112.0,29.0,-35.0,-27.0
6.710023,-315.0,-161.0,-16195.0,23.0,-30.0,-27.0
6.7204619999999995,-337.0,-142.0,-16269.0,28.0,-34.0,-30.0
6.730027999999999,-318.0,-158.0,-16263.0,38.0,-33.0,-28.0
6.740473,-352.0,-177.0,-16193.0,43.0,-35.0,-26.0
6.750007,-319.0,-168.0,-16128.0,41.0,-30.0,-28.0
6.760517999999999,-328.0,-155.0,-16090.0,36.0,-29.0,-24.0
6.769969999999999,-330.0,-123.0,-16144.0,23.0,-39.0,-24.0
6.780538,-354.0,-131.0,-16191.0,21.0,-30.0,-32.0
6.789982,-361.0,-113.0,-16251.0,31.0,-27.0,-31.0
6.800528,-364.0,-130.0,-16241.0,36.0,-31.0,-30.0
6.810763999999999,-391.0,-112.0,-16205.0,45.0,-33.0,-32.0
6.820535999999999,-379.0,-152.0,-16094.0,42.0,-29.0,-26.0
6.829941999999999,-401.0,-110.0,-16094.0,33.0,-29.0,-28.0
6.840546,-396.0,-164.0,-16119.0,20.0,-29.0,-30.0
6.850769,-375.0,-129.0,-16217.0,25.0,-29.0,-28.0
6.860545999999999,-330.0,-143.0,-16265.0,32.0,-24.0,-29.0
6.870778,-307.0,-147.0,-16240.0,38.0,-31.0,-31.0
6.880666,-322.0,-162.0,-16181.0,47.0,-30.0,-30.0
6.890768999999999,-315.0,-164.0,-16124.0,45.0,-30.0,-31.0
6.900675999999999,-302.0,-184.0,-16081.0,32.0,-33.0,-27.0
6.910772,-291.0,-185.0,-16168.0,32.0,-26.0,-27.0
6.9206780000000006,-324.0,-159.0,-16199.0,18.0,-33.0,-24.0
6.9307859999999994,-329.0,-141.0,-16288.0,31.0,-32.0,-27.0
6.940657999999999,-387.0,-138.0,-16265.0,42.0,-32.0,-24.0
6.949838,-338.0,-67.0,-16193.0,52.0,-35.0,-30.0
6.960611999999999,-391.0,-117.0,-16037.0,42.0,-33.0,-29.0
6.970737999999999,-402.0,-88.0,-16055.0,30.0,-32.0,-26.0
6.980762,-381.0,-132.0,-16144.0,17.0,-32.0,-22.0
6.9907,-406.0,-105.0,-16280.0,22.0,-27.0,-27.0
7.000705999999999,-321.0,-117.0,-16347.0,30.0,-27.0,-30.0
7.010759999999999,-307.0,-49.0,-16239.0,68.0,-39.0,-31.0
7.0207239999999995,-248.0,-204.0,-16026.0,53.0,-36.0,-30.0
7.030728,-257.0,-172.0,-15956.0,37.0,-30.0,-30.0
7.0406320000000004,-294.0,-251.0,-16024.0,16.0,-38.0,-24.0
7.049842,-281.0,-216.0,-16202.0,4.0,-30.0,-32.0
7.060604,-333.0,-225.0,-16331.0,18.0,-27.0,-31.0
7.069903999999999,-331.0,-128.0,-16382.0,40.0,-31.0,-27.0
7.080641999999999,-366.0,-209.0,-16193.0,57.0,-35.0,-26.0
7.089867999999999,-386.0,-156.0,-16052.0,51.0,-31.0,-27.0
7.100666,-413.0,-140.0,-15945.0,39.0,-29.0,-26.0
7.109857999999999,-437.0,-103.0,-16011.0,13.0,-32.0,-28.0
7.1206879999999995,-444.0,-96.0,-16180.0,2.0,-30.0,-27.0
7.129828,-454.0,-26.0,-16359.0,20.0,-39.0,-27.0
7.1406860000000005,-484.0,-97.0,-16248.0,46.0,-37.0,-33.0
7.150732999999999,-375.0,-214.0,-16265.0,34.0,-26.0,-28.0
7.160746999999999,-291.0,-128.0,-16219.0,49.0,-35.0,-26.0
7.170584,-296.0,-133.0,-16080.0,45.0,-30.0,-29.0
7.1798660000000005,-275.0,-147.0,-16021.0,38.0,-36.0,-29.0
7.19064,-224.0,-183.0,-16093.0,27.0,-38.0,-31.0
7.199828,-299.0,-196.0,-16150.0,18.0,-33.0,-25.0
7.210666,-277.0,-247.0,-16285.0,20.0,-30.0,-26.0
7.220777999999999,-256.0,-188.0,-16326.0,37.0,-37.0,-30.0
7.230734,-309.0,-138.0,-16230.0,52.0,-40.0,-31.0
7.240603999999999,-297.0,-163.0,-16111.0,43.0,-33.0,-24.0
7.250767999999999,-315.0,-145.0,-16016.0,43.0,-42.0,-26.0
7.2606839999999995,-365.0,-176.0,-16053.0,19.0,-37.0,-30.0
7.270693999999999,-388.0,-146.0,-16156.0,13.0,-32.0,-27.0
7.280697999999999,-396.0,-78.0,-16290.0,17.0,-34.0,-28.0
7.290701,-396.0,-123.0,-16321.0,37.0,-32.0,-29.0
7.300628,-360.0,-137.0,-16282.0,52.0,-33.0,-28.0
7.310682,-374.0,-141.0,-16099.0,51.0,-37.0,-27.0
7.320677999999999,-371.0,-168.0,-16044.0,37.0,-31.0,-25.0
7.330677999999999,-377.0,-141.0,-16064.0,17.0,-30.0,-29.0
7.340774,-352.0,-137.0,-16161.0,13.0,-31.0,-26.0
7.350747,-374.0,-136.0,-16281.0,26.0,-36.0,-32.0
7.360642,-372.0,-177.0,-16309.0,42.0,-36.0,-31.0
7.37077,-344.0,-176.0,-16215.0,47.0,-33.0,-28.0
7.3806259999999995,-355.0,-165.0,-16103.0,50.0,-26.0,-25.0
7.390711999999999,-331.0,-181.0,-16044.0,42.0,-32.0,-30.0
7.400739999999999,-302.0,-162.0,-16065.0,23.0,-35.0,-26.0
7.410722,-310.0,-180.0,-16138.0,12.0,-29.0,-26.0
7.420795999999999,-358.0,-123.0,-16298.0,21.0,-36.0,-30.0
7.430564,-354.0,-120.0,-16312.0,37.0,-34.0,-27.0
7.439817999999999,-371.0,-86.0,-16262.0,52.0,-35.0,-30.0
7.450516,-366.0,-103.0,-16103.0,48.0,-33.0,-28.0
7.459984,-360.0,-148.0,-16020.0,41.0,-28.0,-31.0
7.470369999999999,-353.0,-135.0,-16054.0,21.0,-32.0,-30.0
7.480179,-349.0,-132.0,-16151.0,12.0,-33.0,-27.0
7.490356,-290.0,-136.0,-16297.0,23.0,-35.0,-27.0
7.500152999999999,-350.0,-133.0,-16333.0,35.0,-36.0,-28.0
7.510227,-341.0,-116.0,-16289.0,49.0,-30.0,-31.0
7.5200759999999995,-287.0,-195.0,-16127.0,55.0,-35.0,-26.0
7.530282,-308.0,-204.0,-16016.0,39.0,-36.0,-27.0
7.540082999999999,-324.0,-206.0,-16039.0,15.0,-29.0,-28.0
7.550371999999999,-339.0,-168.0,-16185.0,11.0,-34.0,-24.0
7.560089999999999,-352.0,-166.0,-16327.0,19.0,-35.0,-28.0
7.570442,-417.0,-146.0,-16311.0,32.0,-33.0,-27.0
7.5800730000000005,-401.0,-139.0,-16251.0,51.0,-36.0,-29.0
7.5904679999999995,-372.0,-135.0,-16093.0,49.0,-33.0,-27.0
7.6000250000000005,-420.0,-134.0,-16056.0,31.0,-31.0,-29.0
7.610341999999999,-392.0,-88.0,-16061.0,23.0,-31.0,-24.0
7.620108999999999,-394.0,-116.0,-16166.0,15.0,-33.0,-30.0
7.630436999999999,-374.0,-108.0,-16287.0,20.0,-30.0,-33.0
7.63993,-344.0,-122.0,-16326.0,32.0,-32.0,-25.0
7.650558,-309.0,-150.0,-16224.0,47.0,-34.0,-27.0
7.659948,-274.0,-173.0,-16153.0,50.0,-37.0,-26.0
7.670558,-278.0,-219.0,-16018.0,34.0,-34.0,-32.0
7.679945999999999,-290.0,-230.0,-16044.0,27.0,-31.0,-27.0
7.690593999999999,-348.0,-175.0,-16147.0,19.0,-34.0,-26.0
7.699911999999999,-353.0,-171.0,-16269.0,23.0,-31.0,-26.0
7.710602,-350.0,-129.0,-16278.0,36.0,-35.0,-29.0
7.719925999999999,-377.0,-121.0,-16241.0,47.0,-32.0,-25.0
7.7305779999999995,-427.0,-92.0,-16136.0,47.0,-29.0,-31.0
7.73991,-397.0,-117.0,-16034.0,36.0,-28.0,-27.0
7.750617999999999,-442.0,-97.0,-16058.0,26.0,-35.0,-28.0
7.759928,-388.0,-105.0,-16150.0,21.0,-33.0,-28.0
7.770624,-394.0,-74.0,-16280.0,26.0,-38.0,-34.0
7.779824,-369.0,-115.0,-16283.0,34.0,-33.0,-28.0
7.790706,-329.0,-153.0,-16267.0,47.0,-36.0,-31.0
7.7998460000000005,-337.0,-169.0,-16157.0,48.0,-33.0,-34.0
7.810673999999999,-328.0,-183.0,-16059.0,41.0,-32.0,-28.0
7.819886,-273.0,-211.0,-16090.0,28.0,-29.0,-33.0
7.8305039999999995,-280.0,-185.0,-16154.0,24.0,-30.0,-26.0
7.8399719999999995,-306.0,-177.0,-16252.0,18.0,-31.0,-28.0
7.850569999999999,-324.0,-153.0,-16306.0,34.0,-33.0,-29.0
7.859973999999999,-345.0,-136.0,-16258.0,43.0,-29.0,-32.0
7.870583,-356.0,-142.0,-16161.0,50.0,-34.0,-28.0
7.879935999999999,-390.0,-131.0,-16077.0,45.0,-39.0,-26.0
7.890604,-400.0,-104.0,-16063.0,29.0,-35.0,-29.0
7.899925999999999,-432.0,-104.0,-16161.0,21.0,-32.0,-28.0
7.910629999999999,-386.0,-121.0,-16248.0,18.0,-30.0,-28.0
7.919898,-469.0,-132.0,-16283.0,29.0,-31.0,-31.0
7.930626,-404.0,-177.0,-16242.0,46.0,-31.0,-29.0
7.9399180000000005,-397.0,-143.0,-16180.0,51.0,-31.0,-31.0
7.950621999999999,-388.0,-165.0,-16072.0,36.0,-33.0,-30.0
7.95989,-283.0,-168.0,-16059.0,29.0,-29.0,-28.0
7.970635999999999,-309.0,-174.0,-16158.0,17.0,-36.0,-27.0
7.979889999999999,-273.0,-168.0,-16239.0,19.0,-26.0,-30.0
7.99067,-306.0,-149.0,-16309.0,30.0,-34.0,-26.0
7.999874,-275.0,-145.0,-16291.0,53.0,-33.0,-26.0
8.010544,-294.0,-121.0,-16129.0,47.0,-35.0,-25.0
8.019878,-333.0,-144.0,-16064.0,45.0,-35.0,-27.0
8.030486,-273.0,-136.0,-16060.0,30.0,-33.0,-21.0
8.03986,-300.0,-176.0,-16144.0,16.0,-29.0,-27.0
8.050602,-356.0,-134.0,-16231.0,18.0,-32.0,-30.0
8.060751999999999,-277.0,-119.0,-16288.0,35.0,-35.0,-27.0
8.07077,-352.0,-112.0,-16275.0,43.0,-29.0,-28.0
8.080688,-340.0,-133.0,-16164.0,49.0,-29.0,-29.0
8.090678,-335.0,-126.0,-16042.0,43.0,-37.0,-28.0
8.099841999999999,-311.0,-166.0,-16019.0,30.0,-33.0,-31.0
8.110719999999999,-332.0,-173.0,-16154.0,17.0,-36.0,-30.0
8.119818,-258.0,-172.0,-16238.0,20.0,-31.0,-29.0
8.13074,-377.0,-141.0,-16330.0,30.0,-35.0,-26.0
8.140796,-386.0,-146.0,-16270.0,48.0,-32.0,-27.0
8.150746,-347.0,-121.0,-16156.0,50.0,-33.0,-29.0
8.160715999999999,-350.0,-183.0,-16101.0,42.0,-35.0,-30.0
8.169822,-398.0,-128.0,-16055.0,28.0,-33.0,-25.0
8.180572,-383.0,-139.0,-16142.0,19.0,-34.0,-27.0
8.189812,-411.0,-124.0,-16240.0,17.0,-35.0,-31.0
8.200704,-370.0,-113.0,-16297.0,28.0,-32.0,-32.0
8.209833999999999,-357.0,-149.0,-16285.0,42.0,-31.0,-30.0
8.22071,-401.0,-129.0,-16142.0,49.0,-34.0,-28.0
8.229842,-386.0,-173.0,-16069.0,38.0,-31.0,-33.0
8.240675999999999,-396.0,-162.0,-16040.0,31.0,-32.0,-24.0
8.249882,-313.0,-179.0,-16131.0,19.0,-34.0,-23.0
8.260348,-385.0,-176.0,-16261.0,20.0,-26.0,-31.0
8.27015,-368.0,-140.0,-16325.0,28.0,-32.0,-27.0
8.280251,-365.0,-149.0,-16260.0,46.0,-35.0,-26.0
8.290128,-334.0,-166.0,-16159.0,49.0,-33.0,-30.0
8.30036,-346.0,-168.0,-16059.0,44.0,-34.0,-28.0
8.310115,-360.0,-149.0,-16051.0,30.0,-31.0,-29.0
8.320368,-332.0,-145.0,-16120.0,16.0,-34.0,-28.0
8.330145,-389.0,-137.0,-16214.0,18.0,-26.0,-26.0
8.340352,-372.0,-121.0,-16301.0,31.0,-32.0,-31.0
8.350114,-398.0,-134.0,-16255.0,49.0,-34.0,-32.0
8.360382,-360.0,-146.0,-16168.0,45.0,-30.0,-30.0
8.37004,-341.0,-159.0,-16092.0,39.0,-33.0,-26.0
8.380488,-339.0,-183.0,-16036.0,32.0,-35.0,-29.0
8.389864,-339.0,-159.0,-16143.0,14.0,-29.0,-28.0
8.400698,-307.0,-163.0,-16232.0,21.0,-33.0,-33.0
8.410658,-333.0,-165.0,-16312.0,29.0,-33.0,-27.0
8.419886,-343.0,-143.0,-16267.0,42.0,-39.0,-29.0
8.430652,-316.0,-169.0,-16169.0,44.0,-34.0,-28.0
8.439872,-323.0,-179.0,-16081.0,42.0,-33.0,-28.0
8.450682,-372.0,-160.0,-16053.0,29.0,-34.0,-27.0
8.460718,-343.0,-159.0,-16153.0,19.0,-30.0,-26.0
8.470623999999999,-365.0,-149.0,-16216.0,18.0,-27.0,-24.0
8.479918,-363.0,-144.0,-16288.0,24.0,-34.0,-30.0
8.490622,-354.0,-107.0,-16285.0,40.0,-36.0,-30.0
8.499922,-368.0,-144.0,-16170.0,56.0,-36.0,-29.0
8.510627999999999,-385.0,-134.0,-16069.0,41.0,-34.0,-31.0
8.520764,-347.0,-135.0,-16060.0,25.0,-33.0,-23.0
8.530775,-357.0,-164.0,-16144.0,21.0,-35.0,-32.0
8.540733999999999,-359.0,-147.0,-16210.0,21.0,-31.0,-25.0
8.550792,-344.0,-136.0,-16268.0,28.0,-33.0,-31.0
8.560588,-364.0,-159.0,-16262.0,35.0,-35.0,-30.0
8.56995,-316.0,-160.0,-16208.0,46.0,-35.0,-28.0
8.58043,-347.0,-161.0,-16090.0,40.0,-33.0,-34.0
8.590081,-317.0,-154.0,-16069.0,32.0,-33.0,-26.0
8.600334,-332.0,-158.0,-16120.0,18.0,-32.0,-27.0
8.610135999999999,-311.0,-116.0,-16220.0,24.0,-33.0,-26.0
8.620332,-309.0,-161.0,-16267.0,28.0,-32.0,-27.0
8.630175999999999,-332.0,-142.0,-16271.0,38.0,-34.0,-28.0
8.640346,-318.0,-114.0,-16179.0,46.0,-35.0,-29.0
8.650202,-305.0,-144.0,-16098.0,43.0,-39.0,-31.0
8.660294,-299.0,-180.0,-16109.0,35.0,-32.0,-31.0
8.670223,-388.0,-114.0,-16121.0,26.0,-35.0,-26.0
8.680215,-351.0,-154.0,-16197.0,23.0,-33.0,-25.0
8.690292999999999,-370.0,-160.0,-16243.0,34.0,-38.0,-30.0
8.700156,-409.0,-154.0,-16233.0,41.0,-33.0,-31.0
8.71031,-369.0,-167.0,-16177.0,47.0,-32.0,-30.0
8.720191,-361.0,-171.0,-16109.0,39.0,-31.0,-32.0
8.73031,-400.0,-157.0,-16098.0,33.0,-32.0,-29.0
8.740176,-400.0,-139.0,-16157.0,23.0,-29.0,-27.0
8.750278,-331.0,-124.0,-16222.0,27.0,-30.0,-29.0
8.760243,-406.0,-136.0,-16244.0,31.0,-34.0,-28.0
8.770183,-402.0,-135.0,-16226.0,37.0,-31.0,-28.0
8.780327999999999,-351.0,-169.0,-16183.0,43.0,-33.0,-30.0
8.790091,-364.0,-159.0,-16099.0,42.0,-32.0,-24.0
8.800184999999999,-407.0,-160.0,-16069.0,28.0,-30.0,-29.0
8.810156,-379.0,-140.0,-16202.0,19.0,-35.0,-29.0
8.820348,-401.0,-154.0,-16250.0,29.0,-28.0,-28.0
8.830155999999999,-404.0,-126.0,-16262.0,38.0,-33.0,-34.0
8.840354,-366.0,-109.0,-16209.0,47.0,-30.0,-30.0
8.850171999999999,-366.0,-136.0,-16113.0,43.0,-35.0,-32.0
8.86031,-387.0,-152.0,-16079.0,25.0,-31.0,-25.0
8.870206999999999,-287.0,-156.0,-16145.0,21.0,-30.0,-31.0
8.880306,-284.0,-131.0,-16198.0,24.0,-29.0,-28.0
8.890217999999999,-281.0,-178.0,-16257.0,26.0,-34.0,-29.0
8.900316,-294.0,-210.0,-16277.0,40.0,-37.0,-28.0
8.91024,-308.0,-181.0,-16189.0,44.0,-34.0,-29.0
8.920261,-314.0,-184.0,-16087.0,42.0,-29.0,-27.0
8.930037,-349.0,-203.0,-16061.0,31.0,-35.0,-25.0
8.940498,-341.0,-96.0,-16128.0,20.0,-30.0,-29.0
8.950007,-340.0,-121.0,-16208.0,20.0,-38.0,-28.0
8.9605,-394.0,-127.0,-16284.0,26.0,-38.0,-30.0
8.970006,-391.0,-109.0,-16274.0,40.0,-30.0,-29.0
8.980504,-392.0,-122.0,-16164.0,43.0,-36.0,-31.0
8.990017,-361.0,-106.0,-16089.0,44.0,-31.0,-29.0
9.00052,-387.0,-128.0,-16090.0,33.0,-33.0,-30.0
9.009984,-385.0,-156.0,-16117.0,23.0,-34.0,-32.0
9.020518,-314.0,-155.0,-16176.0,22.0,-28.0,-32.0
9.030014,-315.0,-159.0,-16270.0,27.0,-29.0,-32.0
9.040538,-332.0,-195.0,-16249.0,39.0,-30.0,-30.0
9.049982,-317.0,-165.0,-16186.0,48.0,-33.0,-28.0
9.060542,-295.0,-192.0,-16096.0,44.0,-35.0,-24.0
9.069984,-306.0,-162.0,-16088.0,34.0,-31.0,-25.0
9.080494,-327.0,-153.0,-16128.0,20.0,-33.0,-29.0
9.090055,-387.0,-134.0,-16194.0,23.0,-30.0,-30.0
9.10046,-404.0,-140.0,-16259.0,33.0,-36.0,-30.0
9.110089,-410.0,-108.0,-16234.0,41.0,-35.0,-28.0
9.120256999999999,-406.0,-110.0,-16167.0,46.0,-31.0,-26.0
9.130144999999999,-349.0,-125.0,-16107.0,39.0,-32.0,-31.0
9.14039,-358.0,-146.0,-16098.0,31.0,-31.0,-29.0
9.149998,-332.0,-117.0,-16118.0,24.0,-32.0,-27.0
9.160518999999999,-335.0,-117.0,-16207.0,19.0,-37.0,-29.0
9.169998,-281.0,-158.0,-16248.0,31.0,-35.0,-31.0
9.180436,-336.0,-155.0,-16261.0,44.0,-34.0,-28.0
9.190107,-286.0,-139.0,-16178.0,49.0,-32.0,-27.0
9.200237,-324.0,-189.0,-16107.0,36.0,-27.0,-30.0
9.210106,-307.0,-163.0,-16097.0,27.0,-31.0,-28.0
9.220282,-312.0,-172.0,-16143.0,21.0,-34.0,-32.0
9.230091,-343.0,-135.0,-16200.0,25.0,-35.0,-25.0
9.240409999999999,-399.0,-123.0,-16255.0,33.0,-33.0,-29.0
9.250126999999999,-364.0,-111.0,-16250.0,36.0,-37.0,-29.0
9.260416,-369.0,-156.0,-16176.0,44.0,-36.0,-28.0
9.269974,-383.0,-141.0,-16144.0,40.0,-30.0,-26.0
9.280358,-361.0,-167.0,-16109.0,36.0,-34.0,-32.0
9.290006,-498.0,-191.0,-16071.0,27.0,-32.0,-30.0
9.300376,-542.0,-113.0,-16207.0,23.0,-28.0,-33.0
9.309992,-478.0,-158.0,-16273.0,22.0,-26.0,-28.0
9.320366,-582.0,-86.0,-16282.0,45.0,-31.0,-32.0
9.329972,-481.0,-212.0,-16175.0,39.0,-29.0,-30.0
9.340376,-481.0,-187.0,-16060.0,49.0,-32.0,-34.0
9.350143,-453.0,-171.0,-16064.0,30.0,-27.0,-35.0
9.360237,-289.0,-155.0,-16128.0,25.0,-33.0,-26.0
9.370153,-271.0,-142.0,-16215.0,18.0,-31.0,-28.0
9.380288,-339.0,-139.0,-16289.0,32.0,-31.0,-27.0
9.390265999999999,-373.0,-135.0,-16246.0,41.0,-34.0,-32.0
9.400253,-349.0,-187.0,-16174.0,51.0,-36.0,-31.0
9.410267,-254.0,-164.0,-16109.0,40.0,-31.0,-30.0
9.42029,-225.0,-182.0,-16049.0,32.0,-36.0,-26.0
9.430207,-245.0,-174.0,-16114.0,19.0,-35.0,-26.0
9.44031,-205.0,-182.0,-16233.0,17.0,-34.0,-29.0
9.450175,-198.0,-182.0,-16285.0,30.0,-39.0,-26.0
9.459862,-223.0,-141.0,-16245.0,42.0,-35.0,-27.0
9.470614,-267.0,-130.0,-16188.0,48.0,-39.0,-23.0
9.479913999999999,-294.0,-133.0,-16104.0,45.0,-33.0,-25.0
9.490561999999999,-361.0,-132.0,-16101.0,35.0,-37.0,-23.0
9.49995,-346.0,-125.0,-16093.0,26.0,-37.0,-26.0
9.510508,-395.0,-114.0,-16219.0,22.0,-35.0,-27.0
9.519943999999999,-379.0,-145.0,-16262.0,23.0,-33.0,-31.0
9.530342,-439.0,-123.0,-16282.0,41.0,-34.0,-30.0
9.540061,-439.0,-146.0,-16221.0,50.0,-30.0,-28.0
9.550089,-432.0,-192.0,-16103.0,44.0,-39.0,-28.0
9.560398,-365.0,-141.0,-16073.0,33.0,-29.0,-26.0
9.570136999999999,-407.0,-171.0,-16133.0,24.0,-34.0,-28.0
9.580235,-355.0,-151.0,-16218.0,18.0,-34.0,-24.0
9.590239,-379.0,-161.0,-16259.0,30.0,-33.0,-29.0
9.600254999999999,-353.0,-124.0,-16262.0,40.0,-35.0,-31.0
9.610256999999999,-359.0,-142.0,-16215.0,45.0,-30.0,-29.0
9.62027,-367.0,-182.0,-16112.0,38.0,-31.0,-30.0
9.629921999999999,-370.0,-149.0,-16049.0,36.0,-35.0,-27.0
9.640558,-291.0,-154.0,-16105.0,20.0,-33.0,-32.0
9.649924,-305.0,-161.0,-16200.0,19.0,-31.0,-26.0
9.660544,-341.0,-153.0,-16310.0,27.0,-34.0,-28.0
9.669995,-331.0,-142.0,-16286.0,44.0,-29.0,-28.0
9.680515999999999,-367.0,-168.0,-16178.0,46.0,-34.0,-28.0
9.690004,-373.0,-152.0,-16117.0,44.0,-32.0,-31.0
9.700505999999999,-351.0,-180.0,-16051.0,34.0,-36.0,-30.0
9.710004,-386.0,-116.0,-16105.0,24.0,-32.0,-27.0
9.72048,-345.0,-142.0,-16179.0,19.0,-31.0,-25.0
9.729842,-351.0,-143.0,-16256.0,29.0,-36.0,-31.0
9.740651999999999,-323.0,-123.0,-16237.0,35.0,-32.0,-29.0
9.749804,-309.0,-150.0,-16202.0,49.0,-32.0,-32.0
9.76062,-340.0,-161.0,-16117.0,48.0,-35.0,-28.0
9.769808,-325.0,-199.0,-16065.0,37.0,-33.0,-25.0
9.780664,-359.0,-157.0,-16120.0,19.0,-33.0,-29.0
9.790744,-353.0,-142.0,-16201.0,14.0,-34.0,-25.0
9.800722,-358.0,-137.0,-16287.0,27.0,-34.0,-29.0
9.810781,-385.0,-143.0,-16271.0,41.0,-28.0,-28.0
9.82068,-385.0,-131.0,-16216.0,47.0,-39.0,-33.0
9.830777999999999,-399.0,-139.0,-16096.0,43.0,-33.0,-29.0
9.84057,-373.0,-151.0,-16049.0,30.0,-28.0,-29.0
9.849808,-377.0,-183.0,-16084.0,24.0,-31.0,-31.0
9.860693999999999,-360.0,-116.0,-16200.0,22.0,-34.0,-29.0
9.8708,-365.0,-121.0,-16284.0,26.0,-36.0,-28.0
9.880704,-331.0,-129.0,-16301.0,43.0,-34.0,-32.0
9.890761,-335.0,-140.0,-16189.0,49.0,-34.0,-28.0
9.900699999999999,-320.0,-172.0,-16086.0,44.0,-36.0,-33.0
9.910694,-316.0,-147.0,-16056.0,33.0,-30.0,-26.0
9.920762999999999,-327.0,-195.0,-16103.0,23.0,-33.0,-32.0
9.930719999999999,-346.0,-147.0,-16217.0,14.0,-28.0,-28.0
9.940718,-342.0,-140.0,-16282.0,29.0,-35.0,-26.0
9.950733,-362.0,-111.0,-16268.0,46.0,-34.0,-27.0
9.960728,-347.0,-156.0,-16200.0,52.0,-30.0,-29.0
9.970702,-360.0,-133.0,-16094.0,43.0,-31.0,-26.0
9.980687999999999,-394.0,-137.0,-16045.0,34.0,-32.0,-27.0
9.990782,-412.0,-120.0,-16090.0,27.0,-34.0,-29.0
